target_id,evidence_class,alpha_L,lag,C_exact,C_mc_mean,C_mc_sd,absolute_error
F03,diagnostic_simulation,1.5,0,1,1,0,0
F03,diagnostic_simulation,1.5,1,0.48648755320481246,0.48877711783263333,0.013865075260213713,0.0022895646278208726
F03,diagnostic_simulation,1.5,2,0.35576849040905084,0.35941207437190525,0.01742108739223255,0.0036435839628544131
F03,diagnostic_simulation,1.5,3,0.29271837701812486,0.29662376354709863,0.018788607526630762,0.0039053865289737644
F03,diagnostic_simulation,1.5,4,0.25422447066009596,0.25846398870832382,0.020479931451326632,0.0042395180482278638
F03,diagnostic_simulation,1.5,5,0.22769285755204938,0.23136866319013955,0.021278724265393907,0.0036758056380901682
F03,diagnostic_simulation,1.5,6,0.20800886066768179,0.21216115175976014,0.021894261053946984,0.0041522910920783473
F03,diagnostic_simulation,1.5,7,0.19266582891160997,0.1970057641614881,0.02330704809591443,0.0043399352498781352
F03,diagnostic_simulation,1.5,8,0.1802754971484925,0.18387688070314648,0.024221027020238966,0.0036013835546539752
F03,diagnostic_simulation,1.5,9,0.16999982005427602,0.17393518606824729,0.024604590770566741,0.0039353660139712643
F03,diagnostic_simulation,1.5,10,0.16129942437569506,0.16628136754484349,0.024702785330776467,0.0049819431691484339
F03,diagnostic_simulation,1.5,11,0.15380952766379583,0.15866468548408633,0.02466811156023661,0.004855157820290501
F03,diagnostic_simulation,1.5,12,0.14727348671970764,0.15215235072406266,0.024775350218986105,0.0048788640043550269
F03,diagnostic_simulation,1.5,13,0.14150482724539742,0.1468426092297363,0.024700449132680855,0.0053377819843388741
F03,diagnostic_simulation,1.5,14,0.13636437950250216,0.14234730858734215,0.024165697844688253,0.0059829290848399941
F03,diagnostic_simulation,1.5,15,0.13174590030656361,0.13698217289960288,0.024400195811609082,0.0052362725930392706
F03,diagnostic_simulation,1.5,16,0.12756669589618611,0.13291502624671916,0.02519978930590017,0.0053483303505330593
F03,diagnostic_simulation,1.5,17,0.12376131314987039,0.1294010155382696,0.025695655111808484,0.005639702388399212
F03,diagnostic_simulation,1.5,18,0.12027717965147197,0.12695421285946454,0.026545864276034642,0.0066770332079925665
F03,diagnostic_simulation,1.5,19,0.11707151919589182,0.12380257510729614,0.025429437970712405,0.0067310559114043267
F03,diagnostic_simulation,1.5,20,0.11410912418383255,0.12041533777906641,0.025523874403249307,0.0063062135952338533
F03,diagnostic_simulation,1.5,21,0.11136071717876324,0.11719116597933033,0.026268773892042702,0.0058304488005670868
F03,diagnostic_simulation,1.5,22,0.10880172596655699,0.11464413517369773,0.025972630669619804,0.0058424092071407419
F03,diagnostic_simulation,1.5,23,0.10641135422477405,0.11232598685339976,0.027092420977140923,0.00591463262862571
F03,diagnostic_simulation,1.5,24,0.10417186705420012,0.10950900350984283,0.027050987910193596,0.0053371364556427103
F03,diagnostic_simulation,1.5,25,0.10206803504388552,0.10666720077522042,0.027284459440850766,0.0045991657313348977
F03,diagnostic_simulation,1.5,26,0.10008669691645068,0.10518068198292373,0.027446007869482224,0.0050939850664730446
F03,diagnostic_simulation,1.5,27,0.098216411982841881,0.10262688036258616,0.027329338208922881,0.0044104683797442784
F03,diagnostic_simulation,1.5,28,0.096447181399162793,0.10125001907552381,0.028004796474496114,0.0048028376763610131
F03,diagnostic_simulation,1.5,29,0.0947702226902635,0.099631840985826836,0.026795361025510802,0.0048616182955633358
F03,diagnostic_simulation,1.5,30,0.093177785915839417,0.097628322027819972,0.02751995168198916,0.0044505361119805548
F03,diagnostic_simulation,1.5,31,0.091663002686334011,0.096515624940388303,0.027419453592224745,0.0048526222540542924
F03,diagnostic_simulation,1.5,32,0.090219761310467619,0.095010911366133571,0.027712351314638548,0.004791150055665952
F03,diagnostic_simulation,1.5,33,0.088842602893004163,0.09455154495614454,0.029335371083052713,0.0057089420631403764
F03,diagnostic_simulation,1.5,34,0.087526634351575761,0.09378886726946703,0.028975420943513026,0.0062622329178912695
F03,diagnostic_simulation,1.5,35,0.086267455190560685,0.091633633335749629,0.028726656393904357,0.0053661781451889434
F03,diagnostic_simulation,1.5,36,0.08506109553275687,0.090892876218963178,0.028914214860691016,0.0058317806862063087
F03,diagnostic_simulation,1.5,37,0.083903963419191763,0.089990919738885261,0.029325629998341818,0.0060869563196934984
F03,diagnostic_simulation,1.5,38,0.082792799782380827,0.089605922794594561,0.029011165841547889,0.0068131230122137343
F03,diagnostic_simulation,1.5,39,0.081724639806755414,0.087953301157932887,0.029165778726116996,0.0062286613511774724
F03,diagnostic_simulation,1.5,40,0.080696779632490168,0.086931141836828124,0.02863384355757877,0.0062343622043379565
F03,diagnostic_simulation,1.5,41,0.079706747550933599,0.086133123237811096,0.029627342445779688,0.0064263756868774974
F03,diagnostic_simulation,1.5,42,0.078752278992759175,0.08584444224004395,0.030390462914727429,0.0070921632472847745
F03,diagnostic_simulation,1.5,43,0.077831294732484013,0.084956753312654273,0.029795145002882967,0.0071254585801702602
F03,diagnostic_simulation,1.5,44,0.076941881831750616,0.083579740557039303,0.031056427070020973,0.0066378587252886867
F03,diagnostic_simulation,1.5,45,0.07608227692376146,0.082731143575519181,0.031671623779420115,0.0066488666517577205
F03,diagnostic_simulation,1.5,46,0.075250851506404537,0.081091805355248806,0.030894802931259142,0.0058409538488442686
F03,diagnostic_simulation,1.5,47,0.074446098964917273,0.080174515541955843,0.030744053304383002,0.0057284165770385698
F03,diagnostic_simulation,1.5,48,0.073666623088754907,0.079835251205665092,0.030722949572409279,0.0061686281169101853
F03,diagnostic_simulation,1.5,49,0.072911127883522955,0.079760201453671381,0.031055264828247765,0.0068490735701484257
F03,diagnostic_simulation,1.5,50,0.072178408508837832,0.079206315291460314,0.031692350918496731,0.0070279067826224811
F03,diagnostic_simulation,1.5,51,0.071467343197962274,0.078580885410903772,0.031951384723345133,0.0071135422129414982
F03,diagnostic_simulation,1.5,52,0.070776886035949074,0.078699464310242218,0.030732763411846477,0.0079225782742931433
F03,diagnostic_simulation,1.5,53,0.07010606049054266,0.077086775204032176,0.031351384779578037,0.0069807147134895164
F03,diagnostic_simulation,1.5,54,0.069453953604837942,0.076239078179251393,0.030792387014960662,0.0067851245744134508
F03,diagnostic_simulation,1.5,55,0.068819710773159043,0.075787232581298714,0.030473189023955616,0.0069675218081396706
F03,diagnostic_simulation,1.5,56,0.068202531032180699,0.075038727450322029,0.029821023503059842,0.0068361964181413298
F03,diagnostic_simulation,1.5,57,0.06760166280829466,0.073994513272310339,0.030879869100557993,0.0063928504640156786
F03,diagnostic_simulation,1.5,58,0.067016400069886586,0.073641858016071066,0.030613920717508705,0.0066254579461844793
F03,diagnostic_simulation,1.5,59,0.06644607883973519,0.073496193982868149,0.030960464258798195,0.0070501151431329595
F03,diagnostic_simulation,1.5,60,0.06589007402836955,0.073034790372552311,0.030014918911655475,0.007144716344182761
F03,diagnostic_simulation,1.5,61,0.065347796554052665,0.072658280010531012,0.02971154844483772,0.0073104834564783477
F03,diagnostic_simulation,1.5,62,0.064818690719226954,0.071587327630283651,0.028955990395637256,0.0067686369110566968
F03,diagnostic_simulation,1.5,63,0.064302231816862898,0.071296660192841144,0.029053375330403745,0.0069944283759782455
F03,diagnostic_simulation,1.5,64,0.063797923943276436,0.071149076617826615,0.029729225859472734,0.0073511526745501793
F03,diagnostic_simulation,1.5,65,0.063305297996691781,0.070181128590997371,0.029160493747249036,0.0068758305943055903
F03,diagnostic_simulation,1.5,66,0.062823909843192943,0.069375338639641626,0.028898719662259646,0.0065514287964486828
F03,diagnostic_simulation,1.5,67,0.062353338633765056,0.06912186113241528,0.028779585899961737,0.0067685224986502243
F03,diagnostic_simulation,1.5,68,0.061893185257936328,0.069227056273752655,0.028590120461124819,0.0073338710158163262
F03,diagnostic_simulation,1.5,69,0.061443070921105111,0.068560526566822461,0.02879475868412306,0.0071174556457173493
F03,diagnostic_simulation,1.5,70,0.061002635834029741,0.067908300708960062,0.0288277472579745,0.0069056648749303215
F03,diagnostic_simulation,1.5,71,0.060571538004179457,0.067899020501921217,0.02917375459131322,0.0073274824977417607
F03,diagnostic_simulation,1.5,72,0.060149452119717041,0.06690718581153271,0.028941073429935214,0.0067577336918156691
F03,diagnostic_simulation,1.5,73,0.059736068517842661,0.06676816587871226,0.028942801826544271,0.0070320973608695991
F03,diagnostic_simulation,1.5,74,0.05933109223006152,0.066930591063456335,0.029030914913275824,0.0075994988333948146
F03,diagnostic_simulation,1.5,75,0.05893424209768873,0.066620813602524517,0.028205949976268029,0.0076865715048357874
F03,diagnostic_simulation,1.5,76,0.0585452499515665,0.065839782041302267,0.029396639288008296,0.0072945320897357668
F03,diagnostic_simulation,1.5,77,0.058163859850554341,0.066324642171658385,0.028793825893447898,0.0081607823211040445
F03,diagnostic_simulation,1.5,78,0.057789827373881102,0.066170354032953529,0.027939418136593348,0.0083805266590724278
F03,diagnostic_simulation,1.5,79,0.057422918962913377,0.065282468089977674,0.027630850820218107,0.007859549127064297
F03,diagnostic_simulation,1.5,80,0.057062911308313112,0.064939289639172101,0.028351074373841465,0.0078763783308589894
F03,diagnostic_simulation,1.5,81,0.056709590778931313,0.064586568878475789,0.027905648268057998,0.0078769780995444766
F03,diagnostic_simulation,1.5,82,0.05636275288911996,0.064789057551266488,0.028165438727044786,0.0084263046621465276
F03,diagnostic_simulation,1.5,83,0.056022201801445293,0.06491618363663422,0.028396302209839897,0.0088939818351889272
F03,diagnostic_simulation,1.5,84,0.055687749862053874,0.064512897809661907,0.027459369977967461,0.0088251479476080322
F03,diagnostic_simulation,1.5,85,0.055359217166189405,0.064027566311403161,0.027156967473840575,0.0086683491452137565
F03,diagnostic_simulation,1.5,86,0.055036431151573396,0.06384369109128514,0.027862401561782796,0.0088072599397117438
F03,diagnostic_simulation,1.5,87,0.05471922621756329,0.063148475331702647,0.02789056898835518,0.0084292491141393575
F03,diagnostic_simulation,1.5,88,0.05440744336817778,0.063018019049363494,0.028205730831970713,0.0086105756811857143
F03,diagnostic_simulation,1.5,89,0.05410092987724302,0.061802865810612277,0.028428767347821703,0.0077019359333692569
F03,diagnostic_simulation,1.5,90,0.053799538974056316,0.061812641669274269,0.027993228302331464,0.0080131026952179538
F03,diagnostic_simulation,1.5,91,0.053503129548098681,0.060491579947567847,0.027330641641993121,0.0069884503994691663
F03,diagnostic_simulation,1.5,92,0.053211565871447229,0.060410720009769062,0.028037388417097915,0.0071991541383218324
F03,diagnostic_simulation,1.5,93,0.052924717337646129,0.059529442742061664,0.027425849253714808,0.0066047254044155346
F03,diagnostic_simulation,1.5,94,0.052642458215895693,0.059017363098645303,0.028056529531247008,0.0063749048827496102
F03,diagnostic_simulation,1.5,95,0.052364667419509514,0.05932001266938626,0.027481614031901566,0.006955345249876746
F03,diagnostic_simulation,1.5,96,0.052091228287669662,0.05854747985101965,0.027394084110883364,0.0064562515633499878
F03,diagnostic_simulation,1.5,97,0.051822028379587937,0.057456296007968033,0.026299780636998997,0.0056342676283800963
F03,diagnostic_simulation,1.5,98,0.051556959280247561,0.057002396525800816,0.026661919921639677,0.0054454372455532557
F03,diagnostic_simulation,1.5,99,0.051295916416963974,0.057333664065332295,0.027009740790120161,0.0060377476483683204
F03,diagnostic_simulation,1.5,100,0.051038798886058202,0.057136396940971751,0.027037625551421533,0.0060975980549135486
F03,diagnostic_simulation,1.5,101,0.050785509288992399,0.056310414702930439,0.027176707853011021,0.0055249054139380402
F03,diagnostic_simulation,1.5,102,0.050535953577361792,0.056478541607833853,0.027762442862759879,0.005942588030472061
F03,diagnostic_simulation,1.5,103,0.050290040906183262,0.055950213897825153,0.027695953357195598,0.0056601729916418916
F03,diagnostic_simulation,1.5,104,0.050047683494960908,0.056281483742940008,0.028462090591726705,0.0062338002479791002
F03,diagnostic_simulation,1.5,105,0.04980879649604554,0.05565297532046757,0.028405146396918914,0.0058441788244220291
F03,diagnostic_simulation,1.5,106,0.04957329786984107,0.055424213282043062,0.028619530828449532,0.005850915412201993
F03,diagnostic_simulation,1.5,107,0.049341108266439011,0.05513915973698371,0.027699460172566713,0.0057980514705446989
F03,diagnostic_simulation,1.5,108,0.049112150913295259,0.056453120945213639,0.028379484837654262,0.0073409700319183799
F03,diagnostic_simulation,1.5,109,0.048886351508586827,0.055974392733795092,0.028120266254686794,0.007088041225208265
F03,diagnostic_simulation,1.5,110,0.048663638119912443,0.055390712655609575,0.0273238243165932,0.006727074535697132
F03,diagnostic_simulation,1.5,111,0.048443941088023607,0.05546152583834861,0.027675040797284282,0.0070175847503250038
F03,diagnostic_simulation,1.5,112,0.04822719293529347,0.055341523172742255,0.028579758021850966,0.0071143302374487849
F03,diagnostic_simulation,1.5,113,0.048013328278650243,0.055432372505543247,0.027803762332632175,0.007419044226893004
F03,diagnostic_simulation,1.5,114,0.047802283746719992,0.055271342975995119,0.026994596067346013,0.0074690592292751268
F03,diagnostic_simulation,1.5,115,0.047593997900941043,0.054292654629831044,0.026928119889259881,0.0066986567288900012
F03,diagnostic_simulation,1.5,116,0.047388411160426025,0.053537217396614101,0.027464478680254478,0.0061488062361880758
F03,diagnostic_simulation,1.5,117,0.047185465730363245,0.053543146316982607,0.028551455753846395,0.0063576805866193617
F03,diagnostic_simulation,1.5,118,0.046985105533763151,0.054194049445474873,0.027107942438281296,0.0072089439117117224
F03,diagnostic_simulation,1.5,119,0.046787276146364479,0.053637057532678181,0.027175824679237241,0.0068497813863137025
F03,diagnostic_simulation,1.5,120,0.046591924734530908,0.053577153237871343,0.02800835451447839,0.0069852285033404349
F03,diagnostic_simulation,1.5,121,0.046398999995976138,0.053084080405155276,0.028139602901065014,0.006685080409179138
F03,diagnostic_simulation,1.5,122,0.04620845210316591,0.052340070681087855,0.027955731427692431,0.0061316185779219448
F03,diagnostic_simulation,1.5,123,0.046020232649256462,0.052054033836982538,0.027744975825770565,0.0060338011877260761
F03,diagnostic_simulation,1.5,124,0.04583429459643569,0.052253644759941986,0.028250494166709942,0.0064193501635062961
F03,diagnostic_simulation,1.5,125,0.045650592226541171,0.052368339700556064,0.027864314110780927,0.0067177474740148929
F03,diagnostic_simulation,1.5,126,0.045469081093838244,0.052131914601286918,0.027925486324321271,0.0066628335074486733
F03,diagnostic_simulation,1.5,127,0.045289717979846995,0.052048149547548446,0.029227603108736348,0.0067584315677014506
F03,diagnostic_simulation,1.5,128,0.045112460850114298,0.052055981314118226,0.029217680944554028,0.0069435204640039272
F03,diagnostic_simulation,1.5,129,0.044937268812831707,0.052404442493750356,0.029209781862498597,0.0074671736809186484
F03,diagnostic_simulation,1.5,130,0.044764102079207981,0.052211904707382045,0.028917162109481545,0.0074478026281740647
F03,diagnostic_simulation,1.5,131,0.044592921925508379,0.05223786606008099,0.029233783240212561,0.0076449441345726107
F03,diagnostic_simulation,1.5,132,0.044423690656678359,0.051390775994992595,0.029472889017237245,0.0069670853383142356
F03,diagnostic_simulation,1.5,133,0.044256371571474426,0.050992133918041617,0.030178539023974861,0.0067357623465671909
F03,diagnostic_simulation,1.5,134,0.04409092892902889,0.050802450288156942,0.030085087743883424,0.0067115213591280518
F03,diagnostic_simulation,1.5,135,0.043927327916779085,0.050603223553389386,0.029630933483710972,0.0066758956366103003
F03,diagnostic_simulation,1.5,136,0.043765534619696254,0.050067173521419199,0.029356908523489187,0.0063016389017229446
F03,diagnostic_simulation,1.5,137,0.043605515990751374,0.050495788280465789,0.029312295879929888,0.006890272289714415
F03,diagnostic_simulation,1.5,138,0.043447239822560615,0.050687770509072319,0.029321109835040739,0.0072405306865117036
F03,diagnostic_simulation,1.5,139,0.04329067472015459,0.050100188927692219,0.030106955319347609,0.0068095142075376286
F03,diagnostic_simulation,1.5,140,0.043135790074819505,0.050000190836781123,0.029135005221613063,0.0068644007619616185
F03,diagnostic_simulation,1.5,141,0.042982556038959764,0.050155914245256727,0.028658290801276028,0.0071733582062969634
F03,diagnostic_simulation,1.5,142,0.042830943501936669,0.050137976045984377,0.030054465955227757,0.0073070325440477077
F03,diagnostic_simulation,1.5,143,0.04268092406683742,0.049336643753268114,0.029828981628839481,0.0066557196864306944
F03,diagnostic_simulation,1.5,144,0.042532470028133353,0.049493320610687022,0.029666209903654688,0.0069608505825536696
F03,diagnostic_simulation,1.5,145,0.042385554350186767,0.04996583956427314,0.030065531345940991,0.0075802852140863727
F03,diagnostic_simulation,1.5,146,0.042240150646568754,0.04894216749746181,0.030226932219860194,0.0067020168508930555
F03,diagnostic_simulation,1.5,147,0.042096233160152513,0.049614117718905185,0.030238798676193029,0.0075178845587526716
F03,diagnostic_simulation,1.5,148,0.04195377674394702,0.048921548420586575,0.030828801909666598,0.0069677716766395545
F03,diagnostic_simulation,1.5,149,0.041812756842640159,0.048502834023550073,0.030533444645016748,0.0066900771809099147
F03,diagnostic_simulation,1.5,150,0.041673149474818753,0.047878004839805498,0.031148173354259803,0.0062048553649867444
F03,diagnostic_simulation,1.5,151,0.041534931215838573,0.047693068135408204,0.030376884038292577,0.0061581369195696303
F03,diagnostic_simulation,1.5,152,0.04139807918131333,0.047707563589727928,0.030693917212153757,0.0063094844084145979
F03,diagnostic_simulation,1.5,153,0.041262571011200171,0.046961536846685581,0.031205996731845091,0.0056989658354854103
F03,diagnostic_simulation,1.5,154,0.041128384854452929,0.04661437459445017,0.030915457767981065,0.0054859897399972407
F03,diagnostic_simulation,1.5,155,0.040995499354221462,0.046089721324177733,0.029746926435091796,0.005094221969956271
F03,diagnostic_simulation,1.5,156,0.040863893633573858,0.045616593126402732,0.030114762592959518,0.0047526994928288741
F03,diagnostic_simulation,1.5,157,0.040733547281718734,0.046575784294640571,0.029632110556114623,0.0058422370129218373
F03,diagnostic_simulation,1.5,158,0.040604440340708876,0.047021596573862727,0.029802999969225315,0.0064171562331538506
F03,diagnostic_simulation,1.5,159,0.04047655329260464,0.047049449395957788,0.02963130197772406,0.0065728961033531472
F03,diagnostic_simulation,1.5,160,0.040349867047080094,0.047100204592646876,0.029249214327761473,0.0067503375455667813
F03,diagnostic_simulation,1.5,161,0.040224362929452813,0.04782466801280999,0.029237629289805313,0.007600305083357177
F03,diagnostic_simulation,1.5,162,0.040100022669120119,0.048071050682871347,0.029731128791403594,0.0079710280137512274
F03,diagnostic_simulation,1.5,163,0.039976828388387668,0.047106469553135528,0.029818755584346646,0.0071296411647478602
F03,diagnostic_simulation,1.5,164,0.039854762591671068,0.046914840827544095,0.030288963093832333,0.0070600782358730269
F03,diagnostic_simulation,1.5,165,0.039733808155060203,0.046622057493157856,0.03006347061600996,0.0068882493380976531
F03,diagnostic_simulation,1.5,166,0.039613948316228144,0.046938101672659528,0.029243341754409326,0.0073241533564313843
F03,diagnostic_simulation,1.5,167,0.039495166664673689,0.046578516434648845,0.03036117828315632,0.0070833497699751558
F03,diagnostic_simulation,1.5,168,0.039377447132283791,0.047124545759916939,0.029774477765961711,0.0077470986276331477
F03,diagnostic_simulation,1.5,169,0.039260773984203218,0.046129401660463781,0.02971971546376349,0.0068686276762605636
F03,diagnostic_simulation,1.5,170,0.03914513181000049,0.047083870918488098,0.029608686910301558,0.007938739108487608
F03,diagnostic_simulation,1.5,171,0.039030505515117817,0.046511472556332138,0.029116127418304005,0.0074809670412143217
F03,diagnostic_simulation,1.5,172,0.038916880312595221,0.045838868275998965,0.029810837662415865,0.0069219879634037432
F03,diagnostic_simulation,1.5,173,0.038804241715058328,0.045658679777532622,0.028646248870569508,0.006854438062474294
F03,diagnostic_simulation,1.5,174,0.038692575526959129,0.045717066839714472,0.02947150207671656,0.0070244913127553432
F03,diagnostic_simulation,1.5,175,0.03858186783706153,0.045188552844038804,0.029385565565467672,0.006606685006977274
F03,diagnostic_simulation,1.5,176,0.038472105011161682,0.045064664386489955,0.030258806772589752,0.0065925593753282732
F03,diagnostic_simulation,1.5,177,0.038363273685035032,0.045071516641409043,0.030019182850061162,0.0067082429563740109
F03,diagnostic_simulation,1.5,178,0.038255360757601747,0.045332218684867503,0.029909276250781807,0.0070768579272657561
F03,diagnostic_simulation,1.5,179,0.038148353384301864,0.044976428148798514,0.031582746985120702,0.00682807476449665
F03,diagnostic_simulation,1.5,180,0.038042238970673936,0.044515658640118499,0.030934833683524742,0.0064734196694445634
F03,diagnostic_simulation,1.5,181,0.037937005166128274,0.045124693181861568,0.031187412221111287,0.0071876880157332942
F03,diagnostic_simulation,1.5,182,0.037832639857909127,0.045594399187668444,0.030582070374577268,0.0077617593297593171
F03,diagnostic_simulation,1.5,183,0.037729131165238614,0.045391298704769038,0.030900441184266852,0.0076621675395304248
F03,diagnostic_simulation,1.5,184,0.037626467433635409,0.046216025347381277,0.030555476753025321,0.0085895579137458683
F03,diagnostic_simulation,1.5,185,0.03752463722940319,0.04472073874155879,0.030619499386922839,0.0071961015121555991
F03,diagnostic_simulation,1.5,186,0.037423629334281582,0.04447182372746776,0.030305282212993816,0.0070481943931861787
F03,diagnostic_simulation,1.5,187,0.037323432740255805,0.043530045007386713,0.029840416281698413,0.0062066122671309079
F03,diagnostic_simulation,1.5,188,0.037224036644516588,0.043151330757837204,0.029335301646225283,0.0059272941133206164
F03,diagnostic_simulation,1.5,189,0.037125430444568799,0.042884274016529556,0.02923284300539165,0.0057588435719607561
F03,diagnostic_simulation,1.5,190,0.037027603733480526,0.04301327714026127,0.029406991535213471,0.0059856734067807449
F03,diagnostic_simulation,1.5,191,0.036930546295269796,0.043425729042996263,0.029988790897624934,0.0064951827477264662
F03,diagnostic_simulation,1.5,192,0.036834248100423357,0.043583366418275094,0.029330152399005518,0.0067491183178517364
F03,diagnostic_simulation,1.5,193,0.036738699301543526,0.043763910044244916,0.028814292934619422,0.0070252107427013905
F03,diagnostic_simulation,1.5,194,0.036643890229118278,0.043456766558503529,0.028629995510876798,0.0068128763293852507
F03,diagnostic_simulation,1.5,195,0.036549811387411313,0.043729886351923465,0.028985450360595345,0.0071800749645121523
F03,diagnostic_simulation,1.5,196,0.036456453450466927,0.043587849496846701,0.029561553246711607,0.0071313960463797732
F03,diagnostic_simulation,1.5,197,0.036363807258227049,0.042709021290566411,0.03013506362674187,0.0063452140323393622
F03,diagnostic_simulation,1.5,198,0.036271863812756398,0.043051812205569091,0.030085095326116397,0.006779948392812693
F03,diagnostic_simulation,1.5,199,0.036180614274571407,0.042998530225810766,0.030218414985988928,0.0068179159512393589
F03,diagnostic_simulation,1.5,200,0.036090049959071016,0.043183848456158566,0.02977137027686105,0.0070937984970875501
F03,diagnostic_simulation,1.5,201,0.036000162333064627,0.044020073069331873,0.029816685955381211,0.0080199107362672467
F03,diagnostic_simulation,1.5,202,0.035910943011395281,0.044234983316917491,0.029510289649016141,0.0083240403055222095
F03,diagnostic_simulation,1.5,203,0.035822383753653778,0.044323912636815163,0.029738076293121429,0.0085015288831613856
F03,diagnostic_simulation,1.5,204,0.035734476460982101,0.044665763151866843,0.02985475604501539,0.0089312866908847419
F03,diagnostic_simulation,1.5,205,0.035647213172962336,0.044592443278778648,0.031246885913043716,0.0089452301058163125
F03,diagnostic_simulation,1.5,206,0.035560586064588985,0.043860570058563475,0.030732042390724173,0.0082999839939744899
F03,diagnostic_simulation,1.5,207,0.03547458744332161,0.043633583647976412,0.030806704936885101,0.0081589962046548017
F03,diagnostic_simulation,1.5,208,0.035389209746215636,0.043268202919797209,0.030633689410299432,0.0078789931735815735
F03,diagnostic_simulation,1.5,209,0.035304445537128568,0.042326340504323601,0.030014735979677597,0.0070218949671950331
F03,diagnostic_simulation,1.5,210,0.035220287503999935,0.042596608305909119,0.029641780605277283,0.0073763208019091836
F03,diagnostic_simulation,1.5,211,0.035136728456201569,0.042013606532968352,0.029025943676813187,0.0068768780767667834
F03,diagnostic_simulation,1.5,212,0.035053761321957068,0.042420361009727715,0.029225892787759691,0.0073665996877706474
F03,diagnostic_simulation,1.5,213,0.034971379145828312,0.042112235665117917,0.029809284166657467,0.0071408565192896054
F03,diagnostic_simulation,1.5,214,0.03488957508626573,0.042635436948803118,0.030403006923741333,0.0077458618625373885
F03,diagnostic_simulation,1.5,215,0.034808342413222247,0.043799082957595381,0.03049335075201021,0.0089907405443731339
F03,diagnostic_simulation,1.5,216,0.034727674505827269,0.04258040377508323,0.030153948149111189,0.0078527292692559605
F03,diagnostic_simulation,1.5,217,0.034647564850120709,0.042815364586316039,0.030006794441177487,0.0081677997361953303
F03,diagnostic_simulation,1.5,218,0.034568007036842846,0.042824118262409991,0.031296095884877619,0.0082561112255671448
F03,diagnostic_simulation,1.5,219,0.034488994759281105,0.043101078553020901,0.03101635940756952,0.0086120837937397957
F03,diagnostic_simulation,1.5,220,0.034410521811169936,0.042926574120737318,0.02998395131578031,0.0085160523095673818
F03,diagnostic_simulation,1.5,221,0.034332582084643133,0.042026664325011551,0.030313721511641543,0.0076940822403684175
F03,diagnostic_simulation,1.5,222,0.034255169568237272,0.040831812524339303,0.030211709982306267,0.0065766429561020315
F03,diagnostic_simulation,1.5,223,0.034178278344943858,0.040853921602315206,0.029456423175936611,0.0066756432573713484
F03,diagnostic_simulation,1.5,224,0.034101902590310089,0.040178298717165543,0.029038485526860551,0.0060763961268554545
F03,diagnostic_simulation,1.5,225,0.034026036570585415,0.04058888434974172,0.029589322888942518,0.0065628477791563056
F03,diagnostic_simulation,1.5,226,0.033950674640913801,0.040046884902908544,0.029223901995104589,0.0060962102619947431
F03,diagnostic_simulation,1.5,227,0.033875811243569247,0.039314935647552465,0.02967285089257498,0.0054391244039832184
F03,diagnostic_simulation,1.5,228,0.033801440906234596,0.039475442508285108,0.028962848713818722,0.0056740016020505116
F03,diagnostic_simulation,1.5,229,0.033727558240321115,0.04005211614455071,0.028183792056665231,0.0063245579042295955
F03,diagnostic_simulation,1.5,230,0.033654157939328744,0.040455073039241896,0.028295869916729083,0.0068009150999131518
F03,diagnostic_simulation,1.5,231,0.033581234777245159,0.040534452279955564,0.028283814176526104,0.0069532175027104057
F03,diagnostic_simulation,1.5,232,0.033508783606983006,0.039635450074834294,0.028634716118683276,0.0061266664678512883
F03,diagnostic_simulation,1.5,233,0.033436799358853846,0.039997365517294048,0.028905623135726723,0.0065605661584402022
F03,diagnostic_simulation,1.5,234,0.033365277039078302,0.039787522431369557,0.028323201105615276,0.0064222453922912551
F03,diagnostic_simulation,1.5,235,0.033294211728330858,0.04070020503304584,0.028636652797002678,0.007405993304714982
F03,diagnostic_simulation,1.5,236,0.033223598580318717,0.039761099317317534,0.029026423041257968,0.0065375007369988178
F03,diagnostic_simulation,1.5,237,0.033153432820393638,0.040377882225370067,0.028135634219570483,0.0072244494049764282
F03,diagnostic_simulation,1.5,238,0.033083709744195867,0.040876306766549832,0.027558909369710609,0.0077925970223539642
F03,diagnostic_simulation,1.5,239,0.0330144247163296,0.039736736602966727,0.027701346299847673,0.0067223118866371265
F03,diagnostic_simulation,1.5,240,0.032945573169068133,0.039579387867310162,0.02846556276430336,0.0066338146982420285
F03,diagnostic_simulation,1.5,241,0.032877150601089498,0.04037754435802568,0.028081548658928552,0.0075003937569361814
F03,diagnostic_simulation,1.5,242,0.032809152576240029,0.040579109743339115,0.028807126325822413,0.0077699571670990855
F03,diagnostic_simulation,1.5,243,0.032741574722326479,0.040726266795468521,0.028689671434804699,0.0079846920731420426
F03,diagnostic_simulation,1.5,244,0.032674412729935216,0.040680603283696069,0.028913233464610284,0.008006190553760853
F03,diagnostic_simulation,1.5,245,0.03260766235127812,0.040733259768078539,0.029086722571160368,0.0081255974168004189
F03,diagnostic_simulation,1.5,246,0.032541319399063767,0.040806917196771264,0.028693771571288863,0.0082655977977074968
F03,diagnostic_simulation,1.5,247,0.032475379745394536,0.039968002688079672,0.028920428805391585,0.0074926229426851357
F03,diagnostic_simulation,1.5,248,0.032409839320687597,0.039834514463756604,0.028899961418516192,0.0074246751430690067
F03,diagnostic_simulation,1.5,249,0.032344694112620059,0.039491971973500836,0.027998421667587443,0.0071472778608807769
F03,diagnostic_simulation,1.5,250,0.032279940165097276,0.039644856315914072,0.028248693733359295,0.0073649161508167957
F03,diagnostic_simulation,1.5,251,0.032215573577243917,0.040171940448961982,0.029151307690969921,0.0079563668717180652
F03,diagnostic_simulation,1.5,252,0.032151590502416567,0.040404059688726651,0.029105662220771714,0.0082524691863100838
F03,diagnostic_simulation,1.5,253,0.032087987147238525,0.039372296107922755,0.029126544274194557,0.0072843089606842298
F03,diagnostic_simulation,1.5,254,0.032024759770655005,0.040214402993623284,0.029093626664277446,0.0081896432229682792
F03,diagnostic_simulation,1.5,255,0.031961904683009051,0.040777772262294329,0.029619890506949683,0.0088158675792852775
F03,diagnostic_simulation,1.5,256,0.031899418245137069,0.039977013074291301,0.029217199359313811,0.0080775948291542318
F03,diagnostic_simulation,1.5,257,0.03183729686748394,0.04020340834023834,0.028581337221351307,0.0083661114727544006
F03,diagnostic_simulation,1.5,258,0.031775537009236708,0.040412622286032852,0.028634027265095379,0.0086370852767961442
F03,diagnostic_simulation,1.5,259,0.031714135177477322,0.041341619413101174,0.028205532302187954,0.0096274842356238524
F03,diagnostic_simulation,1.5,260,0.031653087926352456,0.040188594950436071,0.028464471048946151,0.0085355070240836148
F03,diagnostic_simulation,1.5,261,0.031592391856261511,0.040494228338609231,0.028739305088232123,0.0089018364823477206
F03,diagnostic_simulation,1.5,262,0.031532043613061438,0.04097933420395445,0.027653706194180176,0.0094472905908930122
F03,diagnostic_simulation,1.5,263,0.031472039887288035,0.040552770151328278,0.028706853049201619,0.0090807302640402432
F03,diagnostic_simulation,1.5,264,0.031412377413394067,0.040249350847716511,0.028413414521467145,0.008836973434322444
F03,diagnostic_simulation,1.5,265,0.031353052969002281,0.040536850988433584,0.028321108951792025,0.0091837980194313037
F03,diagnostic_simulation,1.5,266,0.031294063374174876,0.040310755389914389,0.028317677519528163,0.0090166920157395136
F03,diagnostic_simulation,1.5,267,0.03123540549069715,0.040242174761433804,0.028134195037972837,0.0090067692707366531
F03,diagnostic_simulation,1.5,268,0.031177076221376731,0.040162137805679024,0.027590734631308157,0.0089850615843022931
F03,diagnostic_simulation,1.5,269,0.031119072509356274,0.039685918854415275,0.028178804513271715,0.0085668463450590017
F03,diagnostic_simulation,1.5,270,0.031061391337440829,0.039803493283029241,0.029060665497708239,0.0087421019455884118
F03,diagnostic_simulation,1.5,271,0.031004029727438646,0.039531566828195343,0.028255928792535173,0.0085275371007566964
F03,diagnostic_simulation,1.5,272,0.030946984739515172,0.038707841999144614,0.028855345025759142,0.0077608572596294424
F03,diagnostic_simulation,1.5,273,0.030890253471560426,0.039437356561054876,0.029233825936392781,0.0085471030894944504
F03,diagnostic_simulation,1.5,274,0.030833833058568544,0.039032726161836027,0.029293398217834127,0.0081988931032674836
F03,diagnostic_simulation,1.5,275,0.030777720672030509,0.038178440365220778,0.029006782498442234,0.0074007196931902691
F03,diagnostic_simulation,1.5,276,0.030721913519338142,0.038321788076435458,0.027922140637080879,0.0075998745570973157
F03,diagnostic_simulation,1.5,277,0.030666408843200668,0.037664157759473321,0.028424733896538389,0.0069977489162726531
F03,diagnostic_simulation,1.5,278,0.030611203921072316,0.03759747351698961,0.028901764665835963,0.0069862695959172945
F03,diagnostic_simulation,1.5,279,0.030556296064591482,0.036962747980829824,0.028917823519601288,0.0064064519162383426
F03,diagnostic_simulation,1.5,280,0.030501682619031058,0.03690083402071305,0.029069431139828846,0.006399151401681992
F03,diagnostic_simulation,1.5,281,0.030447360962758904,0.037117691311869185,0.02937340870028873,0.006670330349110281
F03,diagnostic_simulation,1.5,282,0.030393328506709581,0.037243853632829511,0.02852764029198844,0.0068505251261199301
F03,diagnostic_simulation,1.5,283,0.030339582693866021,0.037953341658360736,0.028423493252212415,0.007613758964494715
F03,diagnostic_simulation,1.5,284,0.030286120998751245,0.037598334988161619,0.028771401521559305,0.0073122139894103745
F03,diagnostic_simulation,1.5,285,0.03023294092692979,0.037807560557399207,0.029941049005882816,0.0075746196304694174
F03,diagnostic_simulation,1.5,286,0.030180040014519228,0.037700776756868226,0.029891921587168975,0.0075207367423489983
F03,diagnostic_simulation,1.5,287,0.030127415827710186,0.036702284071076965,0.029914914018868231,0.0065748682433667792
F03,diagnostic_simulation,1.5,288,0.03007506596229647,0.036602178296468287,0.029542694468609593,0.0065271123341718168
F03,diagnostic_simulation,1.5,289,0.030022988043213662,0.036398961257184323,0.028947708103410647,0.0063759732139706607
F03,diagnostic_simulation,1.5,290,0.029971179724086344,0.035809076813797004,0.029106732714160543,0.0058378970897106607
F03,diagnostic_simulation,1.5,291,0.029919638686784242,0.035392949479287998,0.029185596453886901,0.0054733107925037557
F03,diagnostic_simulation,1.5,292,0.029868362640986402,0.036017483158425366,0.029327932330925146,0.0061491205174389642
F03,diagnostic_simulation,1.5,293,0.029817349323754037,0.037008642319487035,0.029825342602077844,0.007191292995732998
F03,diagnostic_simulation,1.5,294,0.029766596499110658,0.036619247660874543,0.029181616126917716,0.0068526511617638848
F03,diagnostic_simulation,1.5,295,0.029716101957630692,0.036719636126164315,0.028885207324117545,0.0070035341685336233
F03,diagnostic_simulation,1.5,296,0.029665863516035597,0.037437750145122364,0.029622690279520983,0.0077718866290867675
F03,diagnostic_simulation,1.5,297,0.029615879016796954,0.03783125260171015,0.028971363400748205,0.0082153735849131958
F03,diagnostic_simulation,1.5,298,0.029566146327747768,0.036852768421133039,0.029510240106608535,0.0072866220933852713
F03,diagnostic_simulation,1.5,299,0.029516663341700188,0.037107830968702855,0.029857617192261165,0.0075911676270026679
F03,diagnostic_simulation,1.5,300,0.02946742797607052,0.037344754892225905,0.030369978535631021,0.0078773269161553847
F03,diagnostic_simulation,1.5,301,0.029418438172511174,0.036289875994393594,0.031182512957868096,0.0068714378218824208
F03,diagnostic_simulation,1.5,302,0.029369691896549165,0.03652297950672543,0.029662527526514749,0.0071532876101762649
F03,diagnostic_simulation,1.5,303,0.029321187137231416,0.036667290454894391,0.030368390647359127,0.0073461033176629754
F03,diagnostic_simulation,1.5,304,0.029272921906776005,0.035960892147876566,0.029580022447843954,0.0066879702411005611
F03,diagnostic_simulation,1.5,305,0.029224894240230209,0.036875713701931344,0.028840191101350211,0.0076508194617011353
F03,diagnostic_simulation,1.5,306,0.029177102195134703,0.035566839037878384,0.02839126108976097,0.0063897368427436804
F03,diagnostic_simulation,1.5,307,0.029129543851193155,0.035671047254589687,0.028823885443220218,0.0065415034033965321
F03,diagnostic_simulation,1.5,308,0.029082217309948477,0.035750431567851633,0.028915898728004125,0.0066682142579031559
F03,diagnostic_simulation,1.5,309,0.029035120694464366,0.035825997288368633,0.028820931742185051,0.0067908765939042673
F03,diagnostic_simulation,1.5,310,0.028988252149012704,0.035756433465478132,0.028102356021399152,0.0067681813164654284
F03,diagnostic_simulation,1.5,311,0.028941609838766681,0.035191324241023864,0.027750160237861039,0.0062497144022571824
F03,diagnostic_simulation,1.5,312,0.028895191949498571,0.035046327416053041,0.027532192440208686,0.0061511354665544707
F03,diagnostic_simulation,1.5,313,0.028848996687283673,0.035063647925570318,0.028229559707391241,0.0062146512382866455
F03,diagnostic_simulation,1.5,314,0.028803022278209335,0.035458121682007411,0.028504304923427377,0.006655099403798076
F03,diagnostic_simulation,1.5,315,0.028757266968088294,0.035865965954878953,0.028343894698886461,0.0071086989867906597
F03,diagnostic_simulation,1.5,316,0.028711729022177994,0.035753433551797359,0.028182303704945989,0.007041704529619365
F03,diagnostic_simulation,1.5,317,0.028666406724904135,0.03575738942125907,0.027246160860121452,0.0070909826963549347
F03,diagnostic_simulation,1.5,318,0.02862129837958945,0.036022014620396753,0.027697075508738674,0.0074007162408073028
F03,diagnostic_simulation,1.5,319,0.028576402308186429,0.036300964384608038,0.028855950334420032,0.0077245620764216094
F03,diagnostic_simulation,1.5,320,0.028531716851015739,0.037013413590809091,0.028966143842824175,0.008481696739793352
F03,diagnostic_simulation,1.5,321,0.028487240366508168,0.036422506808034438,0.028945571544974638,0.0079352664415262703
F03,diagnostic_simulation,1.5,322,0.02844297123095128,0.036575421469548015,0.029561706102258865,0.0081324502385967355
F03,diagnostic_simulation,1.5,323,0.028398907838240804,0.036683459309986594,0.030028561032253837,0.0082845514717457894
F03,diagnostic_simulation,1.5,324,0.02835504859963546,0.036667366893285466,0.029127388178902511,0.0083123182936500062
F03,diagnostic_simulation,1.5,325,0.028311391943516739,0.035599975555631942,0.029578629604125817,0.0072885836121152035
F03,diagnostic_simulation,1.5,326,0.028267936315152065,0.036370684979642347,0.028015921139763318,0.0081027486644902821
F03,diagnostic_simulation,1.5,327,0.028224680176462402,0.035874293877020971,0.028852759995776245,0.007649613700558569
F03,diagnostic_simulation,1.5,328,0.028181622005793643,0.036636416414581235,0.028924045950271926,0.0084547944087875922
F03,diagnostic_simulation,1.5,329,0.028138760297691658,0.036017798827416299,0.029539031780252165,0.0078790385297246406
F03,diagnostic_simulation,1.5,330,0.028096093562681231,0.036000748623068284,0.029272419725696035,0.007904655060387053
F03,diagnostic_simulation,1.5,331,0.028053620327048907,0.035822323566820594,0.029454115914491218,0.0077687032397716869
F03,diagnostic_simulation,1.5,332,0.02801133913262871,0.036228285945640384,0.030103888149113963,0.0082169468130116746
F03,diagnostic_simulation,1.5,333,0.027969248536592363,0.036169221308501164,0.02905278527776177,0.0081999727719088006
F03,diagnostic_simulation,1.5,334,0.027927347111242198,0.036731790229555777,0.029241631702465264,0.0088044431183135798
F03,diagnostic_simulation,1.5,335,0.027885633443808035,0.037336378810506894,0.02990223253146649,0.0094507453666988588
F03,diagnostic_simulation,1.5,336,0.027844106136246723,0.037199016072847285,0.029590459571918529,0.0093549099366005625
F03,diagnostic_simulation,1.5,337,0.027802763805045566,0.036866852299594743,0.029440674626815988,0.0090640884945491773
F03,diagnostic_simulation,1.5,338,0.027761605081028883,0.037668158865724999,0.030145752521830927,0.0099065537846961156
F03,diagnostic_simulation,1.5,339,0.027720628609167276,0.037801990030748071,0.029712673030513524,0.010081361421580795
F03,diagnostic_simulation,1.5,340,0.027679833048390307,0.037787810728636698,0.029040803449254395,0.010107977680246391
F03,diagnostic_simulation,1.5,341,0.027639217071402378,0.037719201078673659,0.028521435904737578,0.010079984007271281
F03,diagnostic_simulation,1.5,342,0.027598779364501103,0.037413770712217631,0.028892560076837999,0.0098149913477165278
F03,diagnostic_simulation,1.5,343,0.027558518627398904,0.037798747903942304,0.029161582542708377,0.010240229276543399
F03,diagnostic_simulation,1.5,344,0.027518433573047552,0.037491405653170363,0.02874627078169786,0.0099729720801228113
F03,diagnostic_simulation,1.5,345,0.027478522927465159,0.036887077490746718,0.028524571354887084,0.0094085545632815598
F03,diagnostic_simulation,1.5,346,0.027438785429566129,0.036408796094698964,0.029034179999257066,0.0089700106651328347
F03,diagnostic_simulation,1.5,347,0.027399219830993981,0.036973303742976429,0.029740549870397537,0.0095740839119824485
F03,diagnostic_simulation,1.5,348,0.027359824895956435,0.037107136854650183,0.029751326821027917,0.0097473119586937475
F03,diagnostic_simulation,1.5,349,0.027320599401063496,0.037110143432838666,0.030204478839881893,0.00978954403177517
F03,diagnostic_simulation,1.5,350,0.027281542135167459,0.03659843235521059,0.030068343632883208,0.0093168902200431308
F03,diagnostic_simulation,1.5,351,0.027242651899206511,0.036377978020802698,0.028959578181972,0.0091353261215961871
F03,diagnostic_simulation,1.5,352,0.0272039275060495,0.035705827527197163,0.029164472794631927,0.0085019000211476632
F03,diagnostic_simulation,1.5,353,0.027165367780344046,0.036522454935425587,0.028536435683899276,0.0093570871550815414
F03,diagnostic_simulation,1.5,354,0.027126971558366724,0.036695442912257917,0.028189983300971774,0.0095684713538911927
F03,diagnostic_simulation,1.5,355,0.027088737687875342,0.03625056820569237,0.027938421867495004,0.0091618305178170281
F03,diagnostic_simulation,1.5,356,0.027050665027963969,0.035818104725961461,0.026963885236212203,0.0087674396979974915
F03,diagnostic_simulation,1.5,357,0.027012752448919698,0.034854671927941415,0.027611281469977746,0.0078419194790217174
F03,diagnostic_simulation,1.5,358,0.026974998832082039,0.035502280488643394,0.029063378195382475,0.008527281656561355
F03,diagnostic_simulation,1.5,359,0.02693740306970422,0.036162308764826095,0.028438613955067131,0.0092249056951218752
F03,diagnostic_simulation,1.5,360,0.026899964064816664,0.036363948904440301,0.027869364274893532,0.0094639848396236362
F03,diagnostic_simulation,1.5,361,0.026862680731092516,0.036086185886784097,0.028388369150582699,0.0092235051556915811
F03,diagnostic_simulation,1.5,362,0.026825551992715323,0.035471308187728721,0.029228173111064557,0.0086457561950133988
F03,diagnostic_simulation,1.5,363,0.026788576784248563,0.035920292152600827,0.028992700261635543,0.0091317153683522639
F03,diagnostic_simulation,1.5,364,0.026751754050507469,0.03658510963404385,0.028018610996828695,0.0098333555835363809
F03,diagnostic_simulation,1.5,365,0.026715082746432209,0.036352228406403876,0.029317253410657763,0.0096371456599716673
F03,diagnostic_simulation,1.5,366,0.026678561836963467,0.036385792541772037,0.029692465494116915,0.0097072307048085699
F03,diagnostic_simulation,1.5,367,0.026642190296919832,0.036533003281418924,0.028396030679097524,0.0098908129844990922
F03,diagnostic_simulation,1.5,368,0.026605967110876892,0.037372601002383717,0.028271172598161965,0.010766633891506824
F03,diagnostic_simulation,1.5,369,0.026569891273048062,0.037583802884156234,0.02780724253314568,0.011013911611108172
F03,diagnostic_simulation,1.5,370,0.026533961787167253,0.036968912115030512,0.027630390136347792,0.010434950327863259
F03,diagnostic_simulation,1.5,371,0.026498177666373576,0.036984333754818105,0.028398791465784955,0.010486156088444529
F03,diagnostic_simulation,1.5,372,0.026462537933097233,0.037343566156808221,0.028466711607346928,0.010881028223710988
F03,diagnostic_simulation,1.5,373,0.026427041618947482,0.037667465074435288,0.028441607249615249,0.011240423455487807
F03,diagnostic_simulation,1.5,374,0.026391687764602028,0.036677235741299614,0.028281974980078135,0.010285547976697586
F03,diagnostic_simulation,1.5,375,0.026356475419698336,0.036560860911719867,0.028101604588472332,0.010204385492021531
F03,diagnostic_simulation,1.5,376,0.02632140364272598,0.036749144280431523,0.027916152845474804,0.010427740637705542
F03,diagnostic_simulation,1.5,377,0.026286471500921289,0.036923103370554732,0.028277428007114802,0.010636631869633442
F03,diagnostic_simulation,1.5,378,0.026251678070162862,0.037401725204954044,0.028600941291587648,0.011150047134791181
F03,diagnostic_simulation,1.5,379,0.02621702243486905,0.036439172540255575,0.02880622709629873,0.010222150105386525
F03,diagnostic_simulation,1.5,380,0.026182503687896687,0.035949366605033541,0.028513537945552673,0.0097668629171368537
F03,diagnostic_simulation,1.5,381,0.026148120930441356,0.036481473699491521,0.028897206110067956,0.010333352769050164
F03,diagnostic_simulation,1.5,382,0.02611387327193921,0.036485433332569275,0.028091545388922355,0.010371560060630065
F03,diagnostic_simulation,1.5,383,0.026079759829969941,0.036423493186532749,0.028496354291360149,0.010343733356562808
F03,diagnostic_simulation,1.5,384,0.026045779730161384,0.034891694682151586,0.028643851076370783,0.0088459149519902018
F03,diagnostic_simulation,1.5,385,0.026011932106095211,0.0355470108000107,0.028099803461903994,0.00953507869391549
F03,diagnostic_simulation,1.5,386,0.025978216099214461,0.035239610632721824,0.028639611827056502,0.0092613945335073625
F03,diagnostic_simulation,1.5,387,0.025944630858731815,0.035025806377670901,0.028440299057069542,0.0090811755189390865
F03,diagnostic_simulation,1.5,388,0.025911175541539402,0.034621937988049939,0.028529702671746045,0.0087107624465105372
F03,diagnostic_simulation,1.5,389,0.025877849312120192,0.034918148650455574,0.028076924963925543,0.0090402993383353822
F03,diagnostic_simulation,1.5,390,0.025844651342460036,0.03560690572063846,0.027764445578863393,0.0097622543781784241
F03,diagnostic_simulation,1.5,391,0.02581158081196144,0.034892627782680617,0.027162407862661161,0.0090810469707191775
F03,diagnostic_simulation,1.5,392,0.025778636907358283,0.035046532595739477,0.027609764045186218,0.009267895688381194
F03,diagnostic_simulation,1.5,393,0.025745818822631883,0.034705693579012112,0.027911099456206727,0.0089598747563802289
F03,diagnostic_simulation,1.5,394,0.025713125758928184,0.03525214899713467,0.027773680712539606,0.0095390232382064864
F03,diagnostic_simulation,1.5,395,0.025680556924475961,0.035433755238797479,0.028210436365974399,0.0097531983143215178
F03,diagnostic_simulation,1.5,396,0.025648111534506416,0.035932461757109894,0.027764555266077646,0.010284350222603478
F03,diagnostic_simulation,1.5,397,0.025615788811173653,0.036056764738468826,0.029015171582028043,0.010440975927295173
F03,diagnostic_simulation,1.5,398,0.025583587983476475,0.035699685955086227,0.028773905553671951,0.010116097971609752
F03,diagnostic_simulation,1.5,399,0.025551508287181016,0.035169726260291509,0.029416010597831117,0.0096182179731104933
F03,diagnostic_simulation,1.5,400,0.025519548964744652,0.035452579619781155,0.029223313179619622,0.0099330306550365031
F03,diagnostic_simulation,1.5,401,0.025487709265240764,0.035735435140576824,0.030094429104747893,0.01024772587533606
F03,diagnostic_simulation,1.5,402,0.025455988444284813,0.035859739743717096,0.029888890372808629,0.010403751299432284
F03,diagnostic_simulation,1.5,403,0.025424385763960937,0.036459706350934706,0.030116481924469279,0.011035320586973769
F03,diagnostic_simulation,1.5,404,0.025392900492750267,0.036749254985863837,0.03013277313818304,0.01135635449311357
F03,diagnostic_simulation,1.5,405,0.025361531905459471,0.035309984373746363,0.030510483768457521,0.0099484524682868919
F03,diagnostic_simulation,1.5,406,0.02533027928315066,0.035373159418960944,0.029364329089593043,0.010042880135810284
F03,diagnostic_simulation,1.5,407,0.025299141913072337,0.035627366402151778,0.029918872605057812,0.010328224489079441
F03,diagnostic_simulation,1.5,408,0.025268119088591008,0.034832808631598253,0.029393116755758335,0.0095646895430072446
F03,diagnostic_simulation,1.5,409,0.025237210109123838,0.034585554090969875,0.028989084062277775,0.009348343981846037
F03,diagnostic_simulation,1.5,410,0.025206414280072104,0.03486937119365463,0.029071405636980102,0.0096629569135825259
F03,diagnostic_simulation,1.5,411,0.02517573091275592,0.03493159059041083,0.029947349933029933,0.00975585967765491
F03,diagnostic_simulation,1.5,412,0.025145159324349197,0.035807620008252716,0.030055601447561461,0.010662460683903519
F03,diagnostic_simulation,1.5,413,0.025114698837816151,0.035194531790273216,0.029352739601995546,0.010079832952457065
F03,diagnostic_simulation,1.5,414,0.025084348781847985,0.034851755626026826,0.028790393157777976,0.0097674068441788407
F03,diagnostic_simulation,1.5,415,0.025054108490801134,0.035190979983112304,0.029223834831053661,0.01013687149231117
F03,diagnostic_simulation,1.5,416,0.025023977304635594,0.035126161511187193,0.028529881065609459,0.010102184206551599
F03,diagnostic_simulation,1.5,417,0.024993954568854612,0.035588609505324255,0.028827287279349027,0.010594654936469643
F03,diagnostic_simulation,1.5,418,0.024964039634445059,0.034296363372381809,0.029004226385896368,0.0093323237379367499
F03,diagnostic_simulation,1.5,419,0.024934231857818179,0.03452001146241284,0.028476731582731358,0.0095857796045946617
F03,diagnostic_simulation,1.5,420,0.024904530600751706,0.035259471809998319,0.028670323410911022,0.010354941209246613
F03,diagnostic_simulation,1.5,421,0.024874935230332473,0.034363621080302463,0.027723699583942406,0.0094886858499699904
F03,diagnostic_simulation,1.5,422,0.024845445118899585,0.034348468986176175,0.027837402987970328,0.0095030238672765902
F03,diagnostic_simulation,1.5,423,0.024816059643988673,0.034962803901864965,0.027506751565205136,0.010146744257876292
F03,diagnostic_simulation,1.5,424,0.024786778188276629,0.03564496408375363,0.027822228515812116,0.010858185895477001
F03,diagnostic_simulation,1.5,425,0.024757600139527183,0.035255369308303947,0.027533634221076773,0.010497769168776764
F03,diagnostic_simulation,1.5,426,0.024728524890537069,0.034882965634767199,0.028355921905086016,0.01015444074423013
F03,diagnostic_simulation,1.5,427,0.024699551839082984,0.034361543193602247,0.029209738383421616,0.0096619913545192629
F03,diagnostic_simulation,1.5,428,0.024670680387869327,0.03474472328783873,0.028242858882446781,0.010074042899969403
F03,diagnostic_simulation,1.5,429,0.024641909944476247,0.034869992167051951,0.02762264261027313,0.010228082222575704
F03,diagnostic_simulation,1.5,430,0.024613239921308712,0.03398652727786821,0.028181489607382752,0.0093732873565594982
F03,diagnostic_simulation,1.5,431,0.024584669735546162,0.034277051579401863,0.027704432025429899,0.0096923818438557005
F03,diagnostic_simulation,1.5,432,0.024556198809092669,0.034313481995475945,0.027488366075815906,0.0097572831863832754
F03,diagnostic_simulation,1.5,433,0.024527826568527752,0.033921004466759136,0.028089880464461828,0.0093931778982313842
F03,diagnostic_simulation,1.5,434,0.024499552445058002,0.03415994803408353,0.028382182830821157,0.0096603955890255284
F03,diagnostic_simulation,1.5,435,0.024471375874469185,0.034104673511419173,0.028478520104436442,0.0096332976369499883
F03,diagnostic_simulation,1.5,436,0.024443296297078719,0.03423663013740505,0.028065909868135661,0.0097933338403263306
F03,diagnostic_simulation,1.5,437,0.024415313157689335,0.034148876415227708,0.028132798643275413,0.0097335632575383732
F03,diagnostic_simulation,1.5,438,0.02438742590554268,0.033743972243662733,0.028579195270728115,0.0093565463381200531
F03,diagnostic_simulation,1.5,439,0.024359633994274016,0.033564509657820832,0.02893323485779839,0.009204875663546816
F03,diagnostic_simulation,1.5,440,0.024331936881867012,0.034001199828814242,0.028286730381934161,0.0096692629469472303
F03,diagnostic_simulation,1.5,441,0.024304334030609529,0.03429937753866024,0.028126981601904293,0.0099950435080507112
F03,diagnostic_simulation,1.5,442,0.024276824907049768,0.035344590411995322,0.027283701125266333,0.011067765504945554
F03,diagnostic_simulation,1.5,443,0.024249408981952967,0.035649462554594745,0.028129593223023087,0.011400053572641778
F03,diagnostic_simulation,1.5,444,0.024222085730258414,0.035484333205961026,0.028235438511427846,0.011262247475702612
F03,diagnostic_simulation,1.5,445,0.024194854631037575,0.035420463968146611,0.028788681169854835,0.011225609337109036
F03,diagnostic_simulation,1.5,446,0.024167715167452135,0.035540011769291321,0.029152143898797115,0.011372296601839187
F03,diagnostic_simulation,1.5,447,0.024140666826712873,0.035626124869601102,0.029197259484028265,0.011485458042888228
F03,diagnostic_simulation,1.5,448,0.024113709100038964,0.036316947909024205,0.029138293505809199,0.012203238808985242
F03,diagnostic_simulation,1.5,449,0.024086841482617811,0.035826057051147331,0.030296729524469958,0.011739215568529519
F03,diagnostic_simulation,1.5,450,0.024060063473565169,0.035066719145261258,0.029772355240295555,0.011006655671696088
F03,diagnostic_simulation,1.5,451,0.024033374575886262,0.034642692009339192,0.029910216519663604,0.01060931743345293
F03,diagnostic_simulation,1.5,452,0.024006774296436724,0.034316104428106321,0.029828791936520466,0.010309330131669597
F03,diagnostic_simulation,1.5,453,0.023980262145884432,0.034763327741496652,0.028970027881305583,0.010783065595612221
F03,diagnostic_simulation,1.5,454,0.023953837638671847,0.033849210898391227,0.02971905278374087,0.0098953732597193804
F03,diagnostic_simulation,1.5,455,0.02392750029297834,0.03347102858736898,0.028768107647623685,0.0095435282943906394
F03,diagnostic_simulation,1.5,456,0.023901249630683682,0.034787609672587205,0.029246509295400576,0.010886360041903523
F03,diagnostic_simulation,1.5,457,0.023875085177331171,0.03469316397069782,0.028653427424525053,0.010818078793366648
F03,diagnostic_simulation,1.5,458,0.023849006462092159,0.034892007979028299,0.028916245403898314,0.01104300151693614
F03,diagnostic_simulation,1.5,459,0.023823013017729718,0.035610562317289873,0.029761368467413871,0.011787549299560156
F03,diagnostic_simulation,1.5,460,0.023797104380564319,0.035443512022133569,0.029720673381327729,0.01164640764156925
F03,diagnostic_simulation,1.5,461,0.023771280090438374,0.035286013994030946,0.030006448609363984,0.011514733903592572
F03,diagnostic_simulation,1.5,462,0.0237455396906824,0.03433174616519287,0.029813178116980477,0.01058620647451047
F03,diagnostic_simulation,1.5,463,0.023719882728080809,0.034019474092501938,0.02956605999707318,0.010299591364421129
F03,diagnostic_simulation,1.5,464,0.023694308752838535,0.033883942219504741,0.029434297249722928,0.010189633466666206
F03,diagnostic_simulation,1.5,465,0.023668817318547922,0.034612062870922007,0.02902925884711598,0.010943245552374085
F03,diagnostic_simulation,1.5,466,0.023643407982155883,0.034640856319598894,0.029082957732199637,0.010997448337443011
F03,diagnostic_simulation,1.5,467,0.023618080303931636,0.034229221521188333,0.028852324889994601,0.010611141217256696
F03,diagnostic_simulation,1.5,468,0.023592833847434793,0.034216932389672723,0.028609511911380895,0.01062409854223793
F03,diagnostic_simulation,1.5,469,0.023567668179483667,0.033699245246966658,0.028565883950391578,0.010131577067482991
F03,diagnostic_simulation,1.5,470,0.023542582870124087,0.033646827732216424,0.029048203171926048,0.010104244862092337
F03,diagnostic_simulation,1.5,471,0.023517577492598567,0.034332926973742038,0.028866018708195926,0.010815349481143471
F03,diagnostic_simulation,1.5,472,0.023492651623315881,0.034762985722584003,0.029657416825858481,0.011270334099268121
F03,diagnostic_simulation,1.5,473,0.023467804841820695,0.034786048129139262,0.029562747102853358,0.011318243287318567
F03,diagnostic_simulation,1.5,474,0.023443036730764102,0.034942866969847518,0.029501868527547589,0.011499830239083415
F03,diagnostic_simulation,1.5,475,0.02341834687587387,0.034777715357952224,0.029380856380928494,0.011359368482078355
F03,diagnostic_simulation,1.5,476,0.023393734865925594,0.035015745142699915,0.028914564185898866,0.011622010276774321
F03,diagnostic_simulation,1.5,477,0.023369200292713714,0.03412638964791128,0.029370076172580216,0.010757189355197566
F03,diagnostic_simulation,1.5,478,0.023344742751023224,0.034114099653757078,0.029636992241062327,0.010769356902733854
F03,diagnostic_simulation,1.5,479,0.023320361838601564,0.034150535990675107,0.030049853522502518,0.010830174152073543
F03,diagnostic_simulation,1.5,480,0.023296057156130676,0.034322642778525134,0.030466959319095814,0.011026585622394457
F03,diagnostic_simulation,1.5,481,0.023271828307199781,0.033799199734009015,0.029908623316740351,0.010527371426809234
F03,diagnostic_simulation,1.5,482,0.023247674898277958,0.033834679854163004,0.029705422797446406,0.010587004955885045
F03,diagnostic_simulation,1.5,483,0.023223596538687531,0.033316963552076924,0.029272302011791942,0.010093367013389393
F03,diagnostic_simulation,1.5,484,0.02319959284057739,0.033437476114041118,0.029344269624846209,0.010237883273463727
F03,diagnostic_simulation,1.5,485,0.023175663418896767,0.033609583465502815,0.029186144401105788,0.010433920046606048
F03,diagnostic_simulation,1.5,486,0.02315180789136927,0.034218330798217518,0.028846937623255995,0.011066522906848248
F03,diagnostic_simulation,1.5,487,0.023128025878467476,0.033844880893689068,0.028387742723026809,0.010716855015221592
F03,diagnostic_simulation,1.5,488,0.023104317003387071,0.03416986424924328,0.028547667804080881,0.011065547245856209
F03,diagnostic_simulation,1.5,489,0.023080680892022382,0.034018077239112578,0.027868981900342274,0.010937396347090195
F03,diagnostic_simulation,1.5,490,0.023057117172940997,0.033103831777844019,0.028332871055941546,0.010046714604903022
F03,diagnostic_simulation,1.5,491,0.023033625477359838,0.034268668809453742,0.028425923667538808,0.011235043332093905
F03,diagnostic_simulation,1.5,492,0.023010205439120263,0.03293114518520783,0.029238619108228527,0.0099209397460875669
F03,diagnostic_simulation,1.5,493,0.02298685669466477,0.033383208930980582,0.02869027405304108,0.010396352236315812
F03,diagnostic_simulation,1.5,494,0.022963578883012734,0.033659468755971714,0.028148530814806456,0.010695889872958979
F03,diagnostic_simulation,1.5,495,0.022940371645737305,0.032489136209196287,0.028382393060558047,0.0095487645634589821
F03,diagnostic_simulation,1.5,496,0.02291723462694217,0.033596664220632302,0.028334711891111378,0.010679429593690132
F03,diagnostic_simulation,1.5,497,0.022894167473238417,0.033848085397501212,0.028224885718668498,0.010953917924262795
F03,diagnostic_simulation,1.5,498,0.022871169833722237,0.033109621396849177,0.028482021063204667,0.01023845156312694
F03,diagnostic_simulation,1.5,499,0.022848241359952157,0.033398306866173635,0.029392378223817187,0.010550065506221479
F03,diagnostic_simulation,1.5,500,0.022825381705927086,0.033295240861628772,0.029640199264378778,0.010469859155701686
F03,diagnostic_simulation,1.5,501,0.022802590528064253,0.03324663759397347,0.029270888113327523,0.010444047065909217
F03,diagnostic_simulation,1.5,502,0.02277986748517756,0.033293584363366734,0.029553923345536841,0.010513716878189173
F03,diagnostic_simulation,1.5,503,0.022757212238456226,0.034320882430505927,0.029155721285617421,0.011563670192049701
F03,diagnostic_simulation,1.5,504,0.02273462445144343,0.034228329001681698,0.029018392614361364,0.011493704550238269
F03,diagnostic_simulation,1.5,505,0.022712103790015349,0.034783614063652595,0.029536609783359792,0.012071510273637245
F03,diagnostic_simulation,1.5,506,0.022689649922360534,0.034161704339583703,0.02880334765136466,0.011472054417223168
F03,diagnostic_simulation,1.5,507,0.02266726251895914,0.034094948344461987,0.028493632664736066,0.011427685825502847
F03,diagnostic_simulation,1.5,508,0.022644941252562854,0.034439068018162634,0.027891764308591641,0.01179412676559978
F03,diagnostic_simulation,1.5,509,0.022622685798174617,0.03483096680489995,0.027820095021102009,0.012208281006725333
F03,diagnostic_simulation,1.5,510,0.022600495833028904,0.034836833133308362,0.027987784961415532,0.012236337300279457
F03,diagnostic_simulation,1.5,511,0.022578371036571995,0.034835055210925225,0.027633143752125559,0.01225668417435323
F03,diagnostic_simulation,1.5,512,0.022556311090442434,0.035376979880136987,0.028385093678544703,0.012820668789694553
F03,diagnostic_simulation,1.5,513,0.02253431567845194,0.035705822322278327,0.028652654344182734,0.013171506643826388
F03,diagnostic_simulation,1.5,514,0.022512384486566284,0.034826854718495594,0.028692487876658752,0.01231447023192931
F03,diagnostic_simulation,1.5,515,0.022490517202886511,0.034956942846549884,0.029430326370467934,0.012466425643663372
F03,diagnostic_simulation,1.5,516,0.022468713517630249,0.03484049872337823,0.029145355285307595,0.012371785205747981
F03,diagnostic_simulation,1.5,517,0.022446973123113313,0.033978717792888351,0.028096585042574822,0.011531744669775038
F03,diagnostic_simulation,1.5,518,0.022425295713731513,0.033635800723169719,0.028272850823577566,0.011210505009438206
F03,diagnostic_simulation,1.5,519,0.022403680985942476,0.032561872909699002,0.0278003566793639,0.010158191923756527
F03,diagnostic_simulation,1.5,520,0.022382128638247973,0.031806141638381802,0.027242696536797509,0.0094240130001338289
F03,diagnostic_simulation,1.5,521,0.022360638371176071,0.031875064501209756,0.02774426779335375,0.0095144261300336846
F03,diagnostic_simulation,1.5,522,0.022339209887263841,0.032226838721514245,0.028008978760448253,0.0098876288342504039
F03,diagnostic_simulation,1.5,523,0.022317842891039909,0.03197659973778863,0.02720387854033263,0.0096587568467487207
F03,diagnostic_simulation,1.5,524,0.022296537089007473,0.031311635196085916,0.026843657049787705,0.0090150981070784425
F03,diagnostic_simulation,1.5,525,0.022275292189627115,0.031830639211983841,0.027286643799941234,0.0095553470223567263
F03,diagnostic_simulation,1.5,526,0.022254107903300534,0.031720867830195162,0.027819992071336844,0.0094667599268946287
F03,diagnostic_simulation,1.5,527,0.02223298394235346,0.03219209760833585,0.027786559628655363,0.0099591136659823894
F03,diagnostic_simulation,1.5,528,0.022211920021019457,0.031862538988441075,0.027855611247817231,0.0096506189674216182
F03,diagnostic_simulation,1.5,529,0.02219091585542381,0.031867438793647146,0.027369577787988097,0.0096765229382233357
F03,diagnostic_simulation,1.5,530,0.022169971163567167,0.032917771984679718,0.027558105425554907,0.010747800821112551
F03,diagnostic_simulation,1.5,531,0.022149085665309955,0.032408557678708622,0.027768366119484238,0.010259472013398666
F03,diagnostic_simulation,1.5,532,0.022128259082356366,0.032212780759292389,0.028760870580006981,0.010084521676936024
F03,diagnostic_simulation,1.5,533,0.02210749113823899,0.031791476658091594,0.029073783018304145,0.0096839855198526045
F03,diagnostic_simulation,1.5,534,0.022086781558303296,0.032209204541110814,0.027604650266529585,0.010122422982807518
F03,diagnostic_simulation,1.5,535,0.022066130069692273,0.031899705285368618,0.027351771350868082,0.0098335752156763455
F03,diagnostic_simulation,1.5,536,0.022045536401331688,0.031492729580135166,0.02769541596873781,0.0094471931788034785
F03,diagnostic_simulation,1.5,537,0.022025000283914752,0.030676740301291631,0.028700550692722714,0.0086517400173768792
F03,diagnostic_simulation,1.5,538,0.022004521449887422,0.030801090189062939,0.028944748484666279,0.0087965687391755171
F03,diagnostic_simulation,1.5,539,0.021984099633433993,0.030180042430381679,0.028417107232987879,0.0081959427969476861
F03,diagnostic_simulation,1.5,540,0.02196373457046228,0.029693735569792514,0.027550046747436219,0.0077300009993302339
F03,diagnostic_simulation,1.5,541,0.021943425998589557,0.029781768557700025,0.027964216422436163,0.0078383425591104679
F03,diagnostic_simulation,1.5,542,0.021923173657128158,0.03002079494805085,0.029197036570387986,0.0080976212909226915
F03,diagnostic_simulation,1.5,543,0.021902977287071475,0.029856537245652726,0.02842917249256224,0.0079535599585812515
F03,diagnostic_simulation,1.5,544,0.021882836631080108,0.03040806574923547,0.027536889980351951,0.0085252291181553627
F03,diagnostic_simulation,1.5,545,0.021862751433468088,0.030388113104407893,0.027557209923135595,0.0085253616709398058
F03,diagnostic_simulation,1.5,546,0.02184272144018911,0.031360140368045623,0.027898003837639639,0.0095174189278565136
F03,diagnostic_simulation,1.5,547,0.021822746398823183,0.030688425325978513,0.028397334384637613,0.00886567892715533
F03,diagnostic_simulation,1.5,548,0.021802826058563252,0.030915992599275213,0.028875978821644922,0.0091131665407119603
F03,diagnostic_simulation,1.5,549,0.021782960170201846,0.030234713966245535,0.029184587957629286,0.0084517537960436886
F03,diagnostic_simulation,1.5,550,0.021763148486118229,0.031311880241901568,0.028289661177047568,0.00954873175578334
F03,diagnostic_simulation,1.5,551,0.02174339076026512,0.030884809608819806,0.028330873475146973,0.0091414188485546867
F03,diagnostic_simulation,1.5,552,0.021723686748156147,0.03087728217988317,0.02821128198439217,0.0091535954317270227
F03,diagnostic_simulation,1.5,553,0.021704036206852951,0.030509459423298201,0.028845456529910173,0.0088054232164452503
F03,diagnostic_simulation,1.5,554,0.021684438894952626,0.030951106693680945,0.028324608558461747,0.0092666677987283189
F03,diagnostic_simulation,1.5,555,0.021664894572575522,0.030491534429964561,0.028454891090496693,0.0088266398573890389
F03,diagnostic_simulation,1.5,556,0.021645403001352436,0.030298599324128012,0.02792218206895053,0.0086531963227755755
F03,diagnostic_simulation,1.5,557,0.021625963944412789,0.030065523133794875,0.02832254868056714,0.0084395591893820857
F03,diagnostic_simulation,1.5,558,0.021606577166372456,0.030002561299152089,0.028197622884752759,0.0083959841327796332
F03,diagnostic_simulation,1.5,559,0.021587242433321694,0.029302138884110325,0.02906723743594683,0.007714896450788631
F03,diagnostic_simulation,1.5,560,0.021567959512813328,0.028972528900850208,0.028645866111390032,0.0074045693880368801
F03,diagnostic_simulation,1.5,561,0.021548728173851017,0.029417049273079678,0.028674903576430464,0.007868321099228661
F03,diagnostic_simulation,1.5,562,0.021529548186877797,0.029549051540243593,0.02838781515433041,0.0080195033533657957
F03,diagnostic_simulation,1.5,563,0.021510419323764227,0.029075123957779808,0.028365345359228616,0.0075647046340155816
F03,diagnostic_simulation,1.5,564,0.02149134135779732,0.029615222876366698,0.028744214170112414,0.0081238815185693779
F03,diagnostic_simulation,1.5,565,0.021472314063669024,0.028984551512162678,0.028498617011713995,0.0075122374484936534
F03,diagnostic_simulation,1.5,566,0.021453337217465271,0.029572441107432582,0.028188472319034499,0.0081191038899673107
F03,diagnostic_simulation,1.5,567,0.021434410596654647,0.029811489542276269,0.02713141366864406,0.0083770789456216223
F03,diagnostic_simulation,1.5,568,0.021415533980077655,0.03009163684741719,0.027487076422037446,0.008676102867339535
F03,diagnostic_simulation,1.5,569,0.021396707147935855,0.029562267036222879,0.027788650173328235,0.0081655598882870231
F03,diagnostic_simulation,1.5,570,0.021377929881780829,0.029287123337946429,0.027527687601517015,0.0079091934561656002
F03,diagnostic_simulation,1.5,571,0.021359201964503919,0.029350315208373952,0.027487766151560785,0.0079911132438700329
F03,diagnostic_simulation,1.5,572,0.021340523180325439,0.030123637086538309,0.027572869727264551,0.0087831139062128707
F03,diagnostic_simulation,1.5,573,0.021321893314784297,0.029333335882035849,0.027357998578248756,0.0080114425672515518
F03,diagnostic_simulation,1.5,574,0.021303312154727697,0.028730358986122258,0.026891938735333104,0.0074270468313945605
F03,diagnostic_simulation,1.5,575,0.021284779488300817,0.028681724516284413,0.027331460649730164,0.0073969450279835966
F03,diagnostic_simulation,1.5,576,0.021266295104936706,0.028757340347443108,0.026349173653767773,0.0074910452425064021
F03,diagnostic_simulation,1.5,577,0.021247858795346287,0.029269747330511877,0.026898141890028954,0.0080218885351655903
F03,diagnostic_simulation,1.5,578,0.021229470351508312,0.027912649197525671,0.027524126861253224,0.0066831788460173583
F03,diagnostic_simulation,1.5,579,0.021211129566659482,0.02815074646837306,0.028369967750771885,0.006939616901713578
F03,diagnostic_simulation,1.5,580,0.02119283623528484,0.028002706794513006,0.027447766142056296,0.0068098705592281664
F03,diagnostic_simulation,1.5,581,0.021174590153107981,0.028627902264464006,0.027668131290234609,0.0074533121113560252
F03,diagnostic_simulation,1.5,582,0.021156391117081501,0.028135776603635081,0.027131122514237726,0.0069793854865535798
F03,diagnostic_simulation,1.5,583,0.021138238925377362,0.028452253967525737,0.026986077072468272,0.0073140150421483752
F03,diagnostic_simulation,1.5,584,0.021120133377377892,0.02871425294387521,0.027356911030327651,0.0075941195664973177
F03,diagnostic_simulation,1.5,585,0.021102074273665873,0.028494527047434801,0.027412517388347039,0.0073924527737689281
F03,diagnostic_simulation,1.5,586,0.021084061416016011,0.028304429610258527,0.027421549099553494,0.0072203681942425157
F03,diagnostic_simulation,1.5,587,0.021066094607385177,0.028640028750903244,0.027872910311180693,0.0075739341435180664
F03,diagnostic_simulation,1.5,588,0.021048173651903677,0.029148633562219944,0.027478626274471063,0.0081004599103162676
F03,diagnostic_simulation,1.5,589,0.021030298354866285,0.028891628911701172,0.027081647256507798,0.0078613305568348869
F03,diagnostic_simulation,1.5,590,0.021012468522723194,0.028262806150928681,0.026204185323721225,0.0072503376282054867
F03,diagnostic_simulation,1.5,591,0.020994683963071439,0.027635890240218997,0.025989138062622041,0.0066412062771475586
F03,diagnostic_simulation,1.5,592,0.02097694448464596,0.027893114944638163,0.026558622317375696,0.0069161704599922033
F03,diagnostic_simulation,1.5,593,0.020959249897311041,0.027074069684306309,0.026990281093029995,0.0061148197869952681
F03,diagnostic_simulation,1.5,594,0.020941600012051784,0.027016822787229975,0.026564720580296096,0.0060752227751781906
F03,diagnostic_simulation,1.5,595,0.020923994640965709,0.027038910490959633,0.027145503730130142,0.0061149158499939245
F03,diagnostic_simulation,1.5,596,0.020906433597254092,0.027701416183645067,0.027661030303669169,0.0067949825863909755
F03,diagnostic_simulation,1.5,597,0.020888916695213915,0.02746542686400532,0.027155686729089797,0.0065765101687914052
F03,diagnostic_simulation,1.5,598,0.020871443750229438,0.027592660564489609,0.027895850082198338,0.0067212168142601718
F03,diagnostic_simulation,1.5,599,0.020854014578764117,0.028068783574528283,0.028035055210641598,0.0072147689957641654
F03,diagnostic_simulation,1.5,600,0.020836628998352508,0.02883931575566635,0.028035591620577612,0.008002686757313842
F03,diagnostic_simulation,1.5,601,0.020819286827592209,0.029149126529863158,0.02766943823175072,0.0083298397022709483
F03,diagnostic_simulation,1.5,602,0.020801987886135843,0.029349970559221842,0.027708997685275374,0.0085479826730859992
F03,diagnostic_simulation,1.5,603,0.020784731994683326,0.029277436424881759,0.028221585798105953,0.0084927044301984327
F03,diagnostic_simulation,1.5,604,0.020767518974974079,0.029261298462950214,0.027292827678558847,0.0084937794879761351
F03,diagnostic_simulation,1.5,605,0.020750348649778993,0.029680085952764217,0.027739646023284509,0.0089297373029852238
F03,diagnostic_simulation,1.5,606,0.020733220842893217,0.029576008075308365,0.027548366077019607,0.0088427872324151474
F03,diagnostic_simulation,1.5,607,0.020716135379128118,0.029606709566906406,0.028238149549198004,0.0088905741877782878
F03,diagnostic_simulation,1.5,608,0.020699092084304132,0.029259834210204332,0.028834343085996434,0.0085607421259001996
F03,diagnostic_simulation,1.5,609,0.020682090785242982,0.029775173494943317,0.027651604228951941,0.0090930827097003356
F03,diagnostic_simulation,1.5,610,0.020665131309760588,0.029770507849839797,0.028728940943020972,0.0091053765400792089
F03,diagnostic_simulation,1.5,611,0.020648213486659513,0.029917830637051543,0.028916875422529218,0.0092696171503920295
F03,diagnostic_simulation,1.5,612,0.020631337145721761,0.029679924445192175,0.029485342356505767,0.009048587299470414
F03,diagnostic_simulation,1.5,613,0.020614502117701685,0.029244143141730811,0.029088064697797664,0.0086296410240291263
F03,diagnostic_simulation,1.5,614,0.0205977082343188,0.030365541238098877,0.028335430657711665,0.009767833003780077
F03,diagnostic_simulation,1.5,615,0.020580955328250647,0.030131457696851976,0.028447727906952294,0.0095505023686013289
F03,diagnostic_simulation,1.5,616,0.020564243233125796,0.029280803585084579,0.028266455155738817,0.0087165603519587832
F03,diagnostic_simulation,1.5,617,0.020547571783517061,0.029643210834827766,0.027851146386796956,0.0090956390513107048
F03,diagnostic_simulation,1.5,618,0.020530940814934538,0.028520108899306378,0.027829507239488696,0.0079891680843718407
F03,diagnostic_simulation,1.5,619,0.020514350163818616,0.028800305898097695,0.028232423007868906,0.0082859557342790796
F03,diagnostic_simulation,1.5,620,0.020497799667533508,0.028926599470794269,0.02824236270838722,0.0084287998032607607
F03,diagnostic_simulation,1.5,621,0.020481289164360438,0.02940181169533846,0.028200388394762476,0.0089205225309780221
F03,diagnostic_simulation,1.5,622,0.020464818493490852,0.02909124280175282,0.028698021629822334,0.0086264243082619686
F03,diagnostic_simulation,1.5,623,0.020448387495020124,0.028500579303382904,0.02826252483623997,0.0080521918083627797
F03,diagnostic_simulation,1.5,624,0.020431996009940768,0.029142130620985012,0.028836707882703067,0.0087101346110442443
F03,diagnostic_simulation,1.5,625,0.020415643880136204,0.029217762380553611,0.029290973935751426,0.0088021185004174066
F03,diagnostic_simulation,1.5,626,0.020399330948374161,0.029503705289884444,0.028842315209936038,0.0091043743415102837
F03,diagnostic_simulation,1.5,627,0.020383057058300395,0.029109962258667695,0.028859617405811423,0.0087269052003672992
F03,diagnostic_simulation,1.5,628,0.020366822054432555,0.028591940837271904,0.02805133479949732,0.0082251187828393489
F03,diagnostic_simulation,1.5,629,0.020350625782153561,0.027660937231133973,0.028851302022634834,0.0073103114489804118
F03,diagnostic_simulation,1.5,630,0.020334468087705875,0.028389493487920341,0.028408451546017961,0.0080550254002144661
F03,diagnostic_simulation,1.5,631,0.020318348818185065,0.02745370211041134,0.028836242755515426,0.007135353292226275
F03,diagnostic_simulation,1.5,632,0.020302267821533774,0.027608675701306248,0.027671202724599529,0.0073064078797724745
F03,diagnostic_simulation,1.5,633,0.020286224946535768,0.027278967232735912,0.027728743990766001,0.0069927422862001432
F03,diagnostic_simulation,1.5,634,0.020270220042810004,0.027902374670184697,0.026973222042661289,0.0076321546273746925
F03,diagnostic_simulation,1.5,635,0.020254252960804457,0.0272619680393409,0.026697042389781281,0.0070077150785364424
F03,diagnostic_simulation,1.5,636,0.020238323551790633,0.026860554935221864,0.027403383647767229,0.0066222313834312305
F03,diagnostic_simulation,1.5,637,0.020222431667857439,0.02652988256528506,0.027223608973801456,0.006307450897427621
F03,diagnostic_simulation,1.5,638,0.020206577161905503,0.026933416441687761,0.028131970728236803,0.0067268392797822582
F03,diagnostic_simulation,1.5,639,0.020190759887641522,0.027791055620351425,0.028149547984420355,0.0076002957327099031
F03,diagnostic_simulation,1.5,640,0.020174979699572607,0.027335145925110129,0.027712701538027462,0.0071601662255375217
F03,diagnostic_simulation,1.5,641,0.02015923645300044,0.027686106851546634,0.02882530192499504,0.0075268703985461941
F03,diagnostic_simulation,1.5,642,0.020143530004016006,0.027845867335622672,0.028055080537483904,0.0077023373316066658
F03,diagnostic_simulation,1.5,643,0.020127860209493843,0.027417677179054765,0.028698912327009708,0.0072898169695609222
F03,diagnostic_simulation,1.5,644,0.020112226927086686,0.027310707456978969,0.028679833311483403,0.007198480529892283
F03,diagnostic_simulation,1.5,645,0.020096630015220017,0.027303163683226321,0.027755686545547501,0.0072065336680063041
F03,diagnostic_simulation,1.5,646,0.02008106933308661,0.027536539476401351,0.027677008735352539,0.0074554701433147408
F03,diagnostic_simulation,1.5,647,0.020065544740641209,0.027876036818778038,0.027136391071990576,0.0078104920781368291
F03,diagnostic_simulation,1.5,648,0.020050056098595351,0.027769067213265209,0.027318767154498835,0.0077190111146698583
F03,diagnostic_simulation,1.5,649,0.02003460326841202,0.027004340427159216,0.027070448930150794,0.0069697371587471961
F03,diagnostic_simulation,1.5,650,0.020019186112300365,0.026952817273054069,0.027881089160094283,0.0069336311607537046
F03,diagnostic_simulation,1.5,651,0.020003804493210785,0.026865919929022954,0.0281243322262828,0.0068621154358121696
F03,diagnostic_simulation,1.5,652,0.019988458274829504,0.026465436801125848,0.027999366787669549,0.0064769785262963446
F03,diagnostic_simulation,1.5,653,0.019973147321573698,0.026727497313483065,0.027699504490499936,0.0067543499919093669
F03,diagnostic_simulation,1.5,654,0.019957871498586455,0.026312669700562161,0.027596100012661343,0.0063547982019757053
F03,diagnostic_simulation,1.5,655,0.019942630671731729,0.02704033439265132,0.027901882215087295,0.0070977037209195917
F03,diagnostic_simulation,1.5,656,0.019927424707589392,0.027315785045585267,0.02765765868132445,0.0073883603379958744
F03,diagnostic_simulation,1.5,657,0.019912253473450367,0.027285295253683742,0.028331841172640298,0.0073730417802333748
F03,diagnostic_simulation,1.5,658,0.019897116837311692,0.027529198503935197,0.027574413072657362,0.0076320816666235053
F03,diagnostic_simulation,1.5,659,0.01988201466787189,0.027605790007074974,0.028821256498266053,0.0077237753392030845
F03,diagnostic_simulation,1.5,660,0.019866946834525816,0.027216770433372599,0.028112273318661795,0.007349823598846783
F03,diagnostic_simulation,1.5,661,0.01985191320736034,0.02721400626426957,0.027351319209918141,0.0073620930569092309
F03,diagnostic_simulation,1.5,662,0.019836913657149385,0.027295377884519779,0.02776468138705079,0.0074584642273703948
F03,diagnostic_simulation,1.5,663,0.019821948055349248,0.027131990469670842,0.027958511911903201,0.0073100424143215936
F03,diagnostic_simulation,1.5,664,0.019807016274094168,0.027325225638672172,0.028797608215128091,0.0075182093645780046
F03,diagnostic_simulation,1.5,665,0.019792118186191476,0.026504996577162983,0.028859637021397246,0.0067128783909715072
F03,diagnostic_simulation,1.5,666,0.019777253665117331,0.026772806890063412,0.028274617218352793,0.0069955532249460807
F03,diagnostic_simulation,1.5,667,0.019762422585011902,0.027310241436149258,0.028162268343175232,0.0075478188511373563
F03,diagnostic_simulation,1.5,668,0.019747624820675241,0.027579012987807676,0.02823789245438289,0.0078313881671324345
F03,diagnostic_simulation,1.5,669,0.019732860247562427,0.027994072091022081,0.027500776067319949,0.0082612118434596538
F03,diagnostic_simulation,1.5,670,0.019718128741779518,0.027859366514452682,0.026695275263318646,0.0081412377726731641
F03,diagnostic_simulation,1.5,671,0.019703430180079112,0.027388105081595424,0.026930530763619381,0.007684674901516312
F03,diagnostic_simulation,1.5,672,0.019688764439855847,0.026602274813364336,0.026878296954629281,0.0069135103735084892
F03,diagnostic_simulation,1.5,673,0.019674131399142203,0.026712331386654735,0.026955031169046812,0.007038199987512532
F03,diagnostic_simulation,1.5,674,0.0196595309366044,0.027270815007457833,0.027521032555154309,0.0076112840708534336
F03,diagnostic_simulation,1.5,675,0.019644962931537842,0.027308208621289715,0.028400101332359616,0.0076632456897518728
F03,diagnostic_simulation,1.5,676,0.019630427263863322,0.027091269294904158,0.027930840033195386,0.0074608420310408353
F03,diagnostic_simulation,1.5,677,0.019615923814122443,0.027066513173746594,0.029384181698304767,0.0074505893596241504
F03,diagnostic_simulation,1.5,678,0.019601452463473834,0.027883166453764548,0.028798310422746675,0.0082817139902907136
F03,diagnostic_simulation,1.5,679,0.019587013093688956,0.027829728644369226,0.029863244924219715,0.0082427155506802699
F03,diagnostic_simulation,1.5,680,0.019572605587147924,0.028964790563901721,0.028659834846378407,0.0093921849767537972
F03,diagnostic_simulation,1.5,681,0.019558229826835652,0.028824346083384647,0.029387609876320532,0.0092661162565489952
F03,diagnostic_simulation,1.5,682,0.019543885696337759,0.028663821128882976,0.028667736319964891,0.0091199354325452175
F03,diagnostic_simulation,1.5,683,0.019529573079836621,0.02862855263308868,0.027783248551030974,0.0090989795532520588
F03,diagnostic_simulation,1.5,684,0.019515291862107566,0.028941329457660831,0.028684149140132946,0.0094260375955532646
F03,diagnostic_simulation,1.5,685,0.019501041928514751,0.029134587067188356,0.026998928141040393,0.0096335451386736042
F03,diagnostic_simulation,1.5,686,0.019486823165007494,0.028191908451835477,0.027281972529419243,0.0087050852868279828
F03,diagnostic_simulation,1.5,687,0.019472635458116328,0.028057194873344377,0.026439405816893791,0.0085845594152280484
F03,diagnostic_simulation,1.5,688,0.019458478694949342,0.027594509209962668,0.027813380917442929,0.0081360305150133261
F03,diagnostic_simulation,1.5,689,0.019444352763188087,0.027997169685031846,0.028251595603813146,0.0085528169218437589
F03,diagnostic_simulation,1.5,690,0.019430257551084289,0.028109151131747837,0.027701325697245781,0.0086788935806635485
F03,diagnostic_simulation,1.5,691,0.019416192947455776,0.028271811759666178,0.027998989238150942,0.0088556188122104022
F03,diagnostic_simulation,1.5,692,0.019402158841682886,0.028677348040940596,0.02794795363286422,0.0092751891992577107
F03,diagnostic_simulation,1.5,693,0.019388155123704922,0.028621998003449972,0.028488099741753811,0.0092338428797450502
F03,diagnostic_simulation,1.5,694,0.019374181684016445,0.028246318607764394,0.027097754670084611,0.0088721369237479489
F03,diagnostic_simulation,1.5,695,0.019360238413663636,0.027306472772892613,0.026981883240159096,0.0079462343592289764
F03,diagnostic_simulation,1.5,696,0.019346325204240723,0.027205218628560943,0.027336130544123236,0.0078588934243202201
F03,diagnostic_simulation,1.5,697,0.019332441947886653,0.026871603040004285,0.027306265456648937,0.0075391610921176321
F03,diagnostic_simulation,1.5,698,0.019318588537281252,0.026942466130673252,0.027741780845129845,0.0076238775933919999
F03,diagnostic_simulation,1.5,699,0.019304764865642008,0.027381476027462753,0.028010943558544991,0.0080767111618207446
F03,diagnostic_simulation,1.5,700,0.019290970826720481,0.02690537935466104,0.028051978625010899,0.0076144085279405589
F03,diagnostic_simulation,1.5,701,0.019277206314798869,0.026688417743064456,0.027769025657708949,0.0074112114282655871
F03,diagnostic_simulation,1.5,702,0.019263471224686655,0.026152071970073673,0.028312400452436652,0.0068886007453870177
F03,diagnostic_simulation,1.5,703,0.019249765451717322,0.026587260605643339,0.028071366323412721,0.0073374951539260172
F03,diagnostic_simulation,1.5,704,0.01923608889174469,0.02721656976744187,0.028161598239293196,0.0079804808756971796
F03,diagnostic_simulation,1.5,705,0.01922244144114002,0.027834408791343294,0.028166221019635309,0.0086119673502032743
F03,diagnostic_simulation,1.5,706,0.019208822996788277,0.02787659024319342,0.027926714622337933,0.0086677672464051427
F03,diagnostic_simulation,1.5,707,0.019195233456085335,0.027691183726863453,0.027579327497430427,0.0084959502707781173
F03,diagnostic_simulation,1.5,708,0.01918167271693421,0.028298512829143654,0.02718978226986268,0.0091168401122094442
F03,diagnostic_simulation,1.5,709,0.019168140677742238,0.028862814848815185,0.02759031104511922,0.0096946741710729478
F03,diagnostic_simulation,1.5,710,0.01915463723741773,0.027996549798419482,0.028017223166315722,0.0088419125610017524
F03,diagnostic_simulation,1.5,711,0.019141162295366838,0.028190779281881018,0.027497097728426963,0.0090496169865141793
F03,diagnostic_simulation,1.5,712,0.019127715751490262,0.029143333639340248,0.027591616735971766,0.010015617887849985
F03,diagnostic_simulation,1.5,713,0.019114297506180329,0.029019129330492555,0.028055679715360052,0.0099048318243122255
F03,diagnostic_simulation,1.5,714,0.019100907460317895,0.029401751902995061,0.027545466802541933,0.010300844442677166
F03,diagnostic_simulation,1.5,715,0.019087545515268999,0.029460197606233432,0.028324451719949763,0.010372652090964433
F03,diagnostic_simulation,1.5,716,0.019074211572882083,0.029092140092109496,0.027199011424655917,0.010017928519227413
F03,diagnostic_simulation,1.5,717,0.019060905535484937,0.02807189004961232,0.027985107711053635,0.0090109845141273827
F03,diagnostic_simulation,1.5,718,0.019047627305881578,0.028145632033539134,0.028168567050444657,0.0090980047276575556
F03,diagnostic_simulation,1.5,719,0.019034376787349268,0.028109400401644835,0.028800908638251035,0.0090750236142955673
F03,diagnostic_simulation,1.5,720,0.019021153883635736,0.026956209070322545,0.028396883369209702,0.0079350551866868083
F03,diagnostic_simulation,1.5,721,0.019007958498956021,0.02766971536551872,0.028537150950646736,0.0086617568665626997
F03,diagnostic_simulation,1.5,722,0.018994790537989689,0.028341149558950663,0.029142699228811415,0.0093463590209609745
F03,diagnostic_simulation,1.5,723,0.018981649905877897,0.028497136802322694,0.029800508195594627,0.0095154868964447969
F03,diagnostic_simulation,1.5,724,0.018968536508220526,0.029407658174584961,0.028704747178574522,0.010439121666364435
F03,diagnostic_simulation,1.5,725,0.018955450251073376,0.027909218534230493,0.028545299320203714,0.0089537682831571166
F03,diagnostic_simulation,1.5,726,0.018942391040945243,0.027058197981776312,0.028440842592654787,0.008115806940831069
F03,diagnostic_simulation,1.5,727,0.018929358784795243,0.027381539838648598,0.029001746765841718,0.0084521810538533554
F03,diagnostic_simulation,1.5,728,0.018916353390029859,0.027428504758698784,0.028669341084003,0.0085121513686689243
F03,diagnostic_simulation,1.5,729,0.018903374764500405,0.026620507621980379,0.028259983398345734,0.007717132857479974
F03,diagnostic_simulation,1.5,730,0.018890422816500031,0.027198237278799144,0.027763042325306467,0.0083078144622991124
F03,diagnostic_simulation,1.5,731,0.018877497454761184,0.028400462104026959,0.027447589591793473,0.0095229646492657749
F03,diagnostic_simulation,1.5,732,0.01886459858845288,0.027492043211482263,0.029291806447281684,0.008627444623029383
F03,diagnostic_simulation,1.5,733,0.018851726127177906,0.02796554085329233,0.029118576794195675,0.0091138147261144234
F03,diagnostic_simulation,1.5,734,0.018838879980970346,0.028618836310776177,0.029537840269346968,0.0097799563298058313
F03,diagnostic_simulation,1.5,735,0.018826060060292728,0.028212494596590018,0.029330524006046473,0.0093864345362972904
F03,diagnostic_simulation,1.5,736,0.018813266276033587,0.028581757253029749,0.029637208992025706,0.0097684909769961623
F03,diagnostic_simulation,1.5,737,0.018800498539504839,0.027892328820574817,0.029462820451935212,0.0090918302810699785
F03,diagnostic_simulation,1.5,738,0.018787756762438993,0.028167869138428343,0.028292928236830293,0.0093801123759893502
F03,diagnostic_simulation,1.5,739,0.018775040856986908,0.028146936745662862,0.028672637706161838,0.0093718958886759539
F03,diagnostic_simulation,1.5,740,0.018762350735714962,0.026612064084711791,0.029649388673781446,0.0078497133489968292
F03,diagnostic_simulation,1.5,741,0.018749686311602707,0.026156930104092146,0.02995309969815807,0.0074072437924894395
F03,diagnostic_simulation,1.5,742,0.018737047498040373,0.026832235407533225,0.030485808093253138,0.0080951879094928528
F03,diagnostic_simulation,1.5,743,0.018724434208826163,0.026552117245152086,0.02956801003682126,0.0078276830363259234
F03,diagnostic_simulation,1.5,744,0.018711846358164037,0.026430757459831672,0.029861525439821415,0.0077189111016676346
F03,diagnostic_simulation,1.5,745,0.018699283860661206,0.027508712734172665,0.028791102094560213,0.0088094288735114587
F03,diagnostic_simulation,1.5,746,0.018686746631325475,0.026648061576599665,0.028844036407191832,0.0079613149452741894
F03,diagnostic_simulation,1.5,747,0.018674234585563197,0.026895871031419639,0.029925502220278549,0.008221636445856443
F03,diagnostic_simulation,1.5,748,0.018661747639176572,0.026983006625962147,0.029696769877977348,0.0083212589867855749
F03,diagnostic_simulation,1.5,749,0.018649285708361375,0.026733487633657876,0.029303304415575999,0.0080842019252965018
F03,diagnostic_simulation,1.5,750,0.018636848709704681,0.026565261635691711,0.029403288100466062,0.0079284129259870294
F03,diagnostic_simulation,1.5,751,0.01862443656018236,0.027127734866656719,0.029100826202745355,0.0085032983064743592
F03,diagnostic_simulation,1.5,752,0.018612049177156857,0.026673540123645707,0.029389073318080772,0.0080614909464888501
F03,diagnostic_simulation,1.5,753,0.018599686478374816,0.026360892303101485,0.02883499529604875,0.0077612058247266691
F03,diagnostic_simulation,1.5,754,0.018587348381964883,0.026304564061364246,0.02945297088004269,0.0077172156793993626
F03,diagnostic_simulation,1.5,755,0.018575034806435294,0.026347703996725192,0.029226964774175548,0.0077726691902898978
F03,diagnostic_simulation,1.5,756,0.018562745670671767,0.025797856060721991,0.029158594372476133,0.0072351103900502242
F03,diagnostic_simulation,1.5,757,0.018550480893935069,0.026133663877698589,0.029926331080775043,0.0075831829837635194
F03,diagnostic_simulation,1.5,758,0.018538240395858972,0.026299227961711795,0.028459862892130709,0.0077609875658528234
F03,diagnostic_simulation,1.5,759,0.018526024096448032,0.026023872831264228,0.028491220966725076,0.0074978487348161954
F03,diagnostic_simulation,1.5,760,0.018513831916075116,0.02570164968016405,0.028978871946691628,0.0071878177640889336
F03,diagnostic_simulation,1.5,761,0.018501663775479626,0.026035549366255642,0.028278829870958175,0.0075338855907760155
F03,diagnostic_simulation,1.5,762,0.018489519595765093,0.026343627334705522,0.0281606779866794,0.0078541077389404287
F03,diagnostic_simulation,1.5,763,0.018477399298397059,0.025989838588114666,0.029053797073573032,0.0075124392897176068
F03,diagnostic_simulation,1.5,764,0.018465302805200916,0.025844555819113935,0.029009948250227919,0.0073792530139130189
F03,diagnostic_simulation,1.5,765,0.01845323003835991,0.026413751678596976,0.029699436697174245,0.0079605216402370664
F03,diagnostic_simulation,1.5,766,0.018441180920412935,0.026398549227555496,0.02858899961795458,0.0079573683071425608
F03,diagnostic_simulation,1.5,767,0.018429155374252472,0.026391954915696483,0.029285601973349878,0.0079627995414440107
F03,diagnostic_simulation,1.5,768,0.01841715332312252,0.026490572967678747,0.028533487010475051,0.0080734196445562262
F03,diagnostic_simulation,1.5,769,0.018405174690616494,0.026701099952175993,0.02841741278362251,0.0082959252615594989
F03,diagnostic_simulation,1.5,770,0.018393219400675336,0.027437694644455838,0.028591533844385657,0.0090444752437805025
F03,diagnostic_simulation,1.5,771,0.018381287377585216,0.027087725204975266,0.028247558084026774,0.0087064378273900497
F03,diagnostic_simulation,1.5,772,0.018369378545975805,0.027309734784139082,0.029456506989191073,0.0089403562381632773
F03,diagnostic_simulation,1.5,773,0.018357492830818126,0.027431314109063361,0.029330431803284634,0.0090738212782452352
F03,diagnostic_simulation,1.5,774,0.018345630157422504,0.027954623713509586,0.029960559791217395,0.0096089935560870823
F03,diagnostic_simulation,1.5,775,0.018333790451436804,0.027648649992921884,0.029331237965555562,0.0093148595414850807
F03,diagnostic_simulation,1.5,776,0.018321973638844261,0.027392412231030575,0.028865082074643951,0.009070438592186314
F03,diagnostic_simulation,1.5,777,0.018310179645961686,0.027658426656769979,0.030240067720550042,0.0093482470108082923
F03,diagnostic_simulation,1.5,778,0.018298408399437433,0.027284535861588723,0.030232954805788775,0.0089861274621512895
F03,diagnostic_simulation,1.5,779,0.018286659826249486,0.027183249478698372,0.030865553636499059,0.0088965896524488865
F03,diagnostic_simulation,1.5,780,0.018274933853703702,0.027586048575932418,0.030125065826150082,0.0093111147222287166
F03,diagnostic_simulation,1.5,781,0.018263230409431733,0.026732934654101766,0.030245749627678262,0.0084697042446700323
F03,diagnostic_simulation,1.5,782,0.018251549421389304,0.026267207933823589,0.029749508874781998,0.0080156585124342844
F03,diagnostic_simulation,1.5,783,0.018239890817854213,0.026579137667823428,0.030599562922392003,0.0083392468499692146
F03,diagnostic_simulation,1.5,784,0.018228254527424582,0.026487411998775634,0.031292613502872733,0.0082591574713510515
F03,diagnostic_simulation,1.5,785,0.018216640479016912,0.026349771769864441,0.030681633359083936,0.0081331312908475284
F03,diagnostic_simulation,1.5,786,0.018205048601864511,0.026847274619487448,0.03079387684526938,0.0086422260176229372
F03,diagnostic_simulation,1.5,787,0.018193478825515336,0.02683111605964256,0.030269229320782572,0.0086376372341272246
F03,diagnostic_simulation,1.5,788,0.018181931079830394,0.027920728814337534,0.030150031031665275,0.0097387977345071396
F03,diagnostic_simulation,1.5,789,0.018170405294982008,0.027469342465229286,0.030322922787823083,0.0092989371702472783
F03,diagnostic_simulation,1.5,790,0.018158901401451915,0.026415321747514865,0.030629302664767016,0.0082564203460629496
F03,diagnostic_simulation,1.5,791,0.018147419330029495,0.025996449246804134,0.030325059641439132,0.0078490299167746393
F03,diagnostic_simulation,1.5,792,0.018135959011810161,0.026470048057791788,0.030032955780956844,0.0083340890459816276
F03,diagnostic_simulation,1.5,793,0.018124520378193495,0.025915339906868545,0.029226907013454172,0.0077908195286750491
F03,diagnostic_simulation,1.5,794,0.018113103360881604,0.026596518079204132,0.030355554869658134,0.0084834147183225281
F03,diagnostic_simulation,1.5,795,0.018101707891877327,0.026099200685673181,0.03040268352454328,0.0079974927937958538
F03,diagnostic_simulation,1.5,796,0.018090333903482626,0.02659289529669253,0.030826749028395703,0.0085025613932099044
F03,diagnostic_simulation,1.5,797,0.018078981328296839,0.025652676326875762,0.030649454533958977,0.0075736949985789233
F03,diagnostic_simulation,1.5,798,0.018067650099214953,0.025564768544381781,0.030513454538265226,0.0074971184451668275
F03,diagnostic_simulation,1.5,799,0.018056340149426062,0.025859496068415314,0.030422471253571972,0.0078031559189892519
F03,diagnostic_simulation,1.5,800,0.018045051412411695,0.02635702369291049,0.030481345021251278,0.0083119722804987951
F03,diagnostic_simulation,1.5,801,0.018033783821943976,0.026659409282054618,0.030974627816379652,0.0086256254601106419
F03,diagnostic_simulation,1.5,802,0.018022537312084301,0.026700645131666548,0.030797075396838951,0.0086781078195822467
F03,diagnostic_simulation,1.5,803,0.018011311817181446,0.026551516983557878,0.030570791666405823,0.0085402051663764321
F03,diagnostic_simulation,1.5,804,0.018000107271870128,0.027045228438050049,0.029358205384543597,0.0090451211661799202
F03,diagnostic_simulation,1.5,805,0.017988923611069362,0.026492410241104464,0.029690615010556313,0.0085034866300351016
F03,diagnostic_simulation,1.5,806,0.017977760769980783,0.028010660523919217,0.030214622739154116,0.010032899753938434
F03,diagnostic_simulation,1.5,807,0.017966618684087225,0.0277448275598174,0.029478811650765217,0.0097782088757301759
F03,diagnostic_simulation,1.5,808,0.017955497289151075,0.02763587871552331,0.030437029431948932,0.0096803814263722344
F03,diagnostic_simulation,1.5,809,0.017944396521212703,0.027185413358333174,0.031088123777064731,0.0092410168371204714
F03,diagnostic_simulation,1.5,810,0.01793331631658884,0.027437111129818548,0.031217302518296634,0.0095037948132297087
F03,diagnostic_simulation,1.5,811,0.017922256611871273,0.027874397798976783,0.032192937023057491,0.0099521411871055093
F03,diagnostic_simulation,1.5,812,0.017911217343925145,0.027042229807294933,0.032056371990908689,0.0091310124633697878
F03,diagnostic_simulation,1.5,813,0.017900198449887432,0.027266187325652145,0.031645859997305265,0.0093659888757647129
F03,diagnostic_simulation,1.5,814,0.017889199867165584,0.026961121953086135,0.031613524082548382,0.0090719220859205515
F03,diagnostic_simulation,1.5,815,0.017878221533435799,0.027640445568612747,0.032003861342160336,0.0097622240351769481
F03,diagnostic_simulation,1.5,816,0.017867263386641765,0.027546799424478054,0.032156198814867885,0.0096795360378362887
F03,diagnostic_simulation,1.5,817,0.017856325364993122,0.027544034868191958,0.031634071823183431,0.009687709503198836
F03,diagnostic_simulation,1.5,818,0.017845407406963922,0.027929674046975807,0.030954662485244481,0.010084266640011885
F03,diagnostic_simulation,1.5,819,0.017834509451291232,0.027686788481775568,0.03144713386214408,0.0098522790304843358
F03,diagnostic_simulation,1.5,820,0.017823631436973745,0.028309684529549524,0.031557166970533478,0.010486053092575779
F03,diagnostic_simulation,1.5,821,0.017812773303270159,0.027812324211799189,0.032499055923573182,0.0099995509085290292
F03,diagnostic_simulation,1.5,822,0.017801934989698058,0.027838260842944718,0.031769640890625665,0.01003632585324666
F03,diagnostic_simulation,1.5,823,0.017791116436032157,0.027476743162623746,0.031165380207206946,0.0096856267265915882
F03,diagnostic_simulation,1.5,824,0.017780317582303161,0.027937012092453695,0.031199930422784825,0.010156694510150534
F03,diagnostic_simulation,1.5,825,0.017769538368796235,0.027667333795093355,0.03068325079993748,0.00989779542629712
F03,diagnostic_simulation,1.5,826,0.017758778736049623,0.027082902823379943,0.030314745292189475,0.0093241240873303197
F03,diagnostic_simulation,1.5,827,0.017748038624853326,0.026848616814061081,0.030485783084516053,0.0091005781892077552
F03,diagnostic_simulation,1.5,828,0.017737317976247773,0.027002747631220438,0.030562219558281086,0.009265429654972665
F03,diagnostic_simulation,1.5,829,0.017726616731522215,0.027241069207661249,0.030786448202246811,0.0095144524761390341
F03,diagnostic_simulation,1.5,830,0.01771593483221371,0.027267961150187134,0.030547418268036548,0.0095520263179734236
F03,diagnostic_simulation,1.5,831,0.01770527222010556,0.027384783765063352,0.03118152942541803,0.0096795115449577925
F03,diagnostic_simulation,1.5,832,0.017694628837226084,0.027759919177075681,0.031365595302041339,0.010065290339849597
F03,diagnostic_simulation,1.5,833,0.017684004625847169,0.026605271113730379,0.030841458236080938,0.0089212664878832101
F03,diagnostic_simulation,1.5,834,0.017673399528483152,0.027135394741877462,0.031355223542819444,0.00946199521339431
F03,diagnostic_simulation,1.5,835,0.017662813487889301,0.027761194601027904,0.032122670792198327,0.010098381113138603
F03,diagnostic_simulation,1.5,836,0.017652246447060704,0.027726858726100999,0.031432702535863118,0.010074612279040294
F03,diagnostic_simulation,1.5,837,0.017641698349230749,0.027793935868537775,0.031767427530015394,0.010152237519307026
F03,diagnostic_simulation,1.5,838,0.017631169137870176,0.027132939924839082,0.030475307452295246,0.0095017707869689064
F03,diagnostic_simulation,1.5,839,0.017620658756685479,0.027428675302807067,0.029880501450548814,0.0098080165461215882
F03,diagnostic_simulation,1.5,840,0.017610167149617814,0.027291966445213239,0.030279545041793123,0.0096817992955954245
F03,diagnostic_simulation,1.5,841,0.017599694260841701,0.027262411836067708,0.031027814158397792,0.0096627175752260069
F03,diagnostic_simulation,1.5,842,0.017589240034763837,0.02713048503264422,0.030923297325083404,0.0095412449978803833
F03,diagnostic_simulation,1.5,843,0.017578804416021738,0.027252096241499268,0.030800169242823042,0.0096732918254775306
F03,diagnostic_simulation,1.5,844,0.017568387349482534,0.027107730577879827,0.030424121952985137,0.0095393432283972929
F03,diagnostic_simulation,1.5,845,0.017557988780241937,0.027006417935009318,0.030932825095449493,0.0094484291547673807
F03,diagnostic_simulation,1.5,846,0.017547608653622742,0.026673568109974052,0.031201784988952614,0.0091259594563513104
F03,diagnostic_simulation,1.5,847,0.017537246915173759,0.025979058312954224,0.030994148625903335,0.0084418113977804653
F03,diagnostic_simulation,1.5,848,0.017526903510668615,0.025694997244504313,0.031349994643117995,0.0081680937338356983
F03,diagnostic_simulation,1.5,849,0.017516578386104566,0.026650911804665226,0.031421675096497237,0.0091343334185606598
F03,diagnostic_simulation,1.5,850,0.017506271487701376,0.027090174286435974,0.031100776107270595,0.0095839027987345976
F03,diagnostic_simulation,1.5,851,0.01749598276189988,0.026890310877061382,0.031350882097209314,0.0093943281151615023
F03,diagnostic_simulation,1.5,852,0.017485712155361152,0.026272331338119809,0.03071039647272137,0.0087866191827586579
F03,diagnostic_simulation,1.5,853,0.017475459614965112,0.026381505677577875,0.030102207160572589,0.008906046062612763
F03,diagnostic_simulation,1.5,854,0.017465225087809462,0.027331700409506676,0.030303486813493947,0.0098664753216972136
F03,diagnostic_simulation,1.5,855,0.017455008521208557,0.027295446804113457,0.030622759065682889,0.0098404382829049009
F03,diagnostic_simulation,1.5,856,0.017444809862692222,0.027217093781574355,0.029885368571179086,0.0097722839188821332
F03,diagnostic_simulation,1.5,857,0.017434629060004602,0.027059325569201688,0.030385130303723352,0.0096246965091970858
F03,diagnostic_simulation,1.5,858,0.01742446606110306,0.026493956813606549,0.030122233557280227,0.0090694907525034896
F03,diagnostic_simulation,1.5,859,0.01741432081415718,0.026727519758118528,0.030273589245622345,0.0093131989439613483
F03,diagnostic_simulation,1.5,860,0.017404193267547399,0.026048284625158832,0.03075400697524849,0.0086440913576114331
F03,diagnostic_simulation,1.5,861,0.017394083369864154,0.026455988334487889,0.030682048307382567,0.0090619049646237342
F03,diagnostic_simulation,1.5,862,0.01738399106990662,0.025923140514846035,0.029590629693321165,0.0085391494449394145
F03,diagnostic_simulation,1.5,863,0.017373916316681701,0.026094511273303454,0.030200879816578069,0.0087205949566217522
F03,diagnostic_simulation,1.5,864,0.017363859059402957,0.026239092161665645,0.030586910554026105,0.0088752331022626876
F03,diagnostic_simulation,1.5,865,0.01735381924748949,0.025683273435676036,0.030707703155571836,0.0083294541881865462
F03,diagnostic_simulation,1.5,866,0.017343796830564837,0.026034530270439914,0.031059021347950102,0.0086907334398750764
F03,diagnostic_simulation,1.5,867,0.017333791758456025,0.026096824443024066,0.03046948729628516,0.0087630326845680416
F03,diagnostic_simulation,1.5,868,0.017323803981192439,0.025340061850303894,0.02987458796745578,0.0080162578691114553
F03,diagnostic_simulation,1.5,869,0.01731383344900473,0.026124772749019233,0.030365887826205421,0.0088109393000145031
F03,diagnostic_simulation,1.5,870,0.017303880112323904,0.02534599692277073,0.030994995383987121,0.0080421168104468262
F03,diagnostic_simulation,1.5,871,0.017293943921780165,0.024984403286983349,0.029679587658254066,0.0076904593652031839
F03,diagnostic_simulation,1.5,872,0.017284024828201905,0.024107060840809581,0.030331717338260442,0.0068230360126076764
F03,diagnostic_simulation,1.5,873,0.017274122782614795,0.02510898645467733,0.03110321121813768,0.007834863672062535
F03,diagnostic_simulation,1.5,874,0.017264237736240626,0.025273663260228882,0.030589967482467426,0.0080094255239882561
F03,diagnostic_simulation,1.5,875,0.017254369640496297,0.025497667155307359,0.030452861317361957,0.008243297514811062
F03,diagnostic_simulation,1.5,876,0.017244518446993047,0.025323614066782001,0.030670959573023706,0.0080790956197889542
F03,diagnostic_simulation,1.5,877,0.017234684107535109,0.025438536056983853,0.031424197027924906,0.0082038519494487434
F03,diagnostic_simulation,1.5,878,0.017224866574118976,0.025161138456592135,0.032336615873688482,0.0079362718824731587
F03,diagnostic_simulation,1.5,879,0.017215065798932321,0.024634949189520215,0.032003745558939874,0.007419883390587894
F03,diagnostic_simulation,1.5,880,0.017205281734353088,0.024943160940657728,0.031598449948498426,0.0077378792063046396
F03,diagnostic_simulation,1.5,881,0.01719551433294832,0.025800630016496785,0.031686888338480546,0.0086051156835484643
F03,diagnostic_simulation,1.5,882,0.0171857635474735,0.025829435585733862,0.032100902940646117,0.0086436720382603617
F03,diagnostic_simulation,1.5,883,0.017176029330871305,0.026065888134853651,0.031570488979869991,0.0088898588039823465
F03,diagnostic_simulation,1.5,884,0.017166311636270928,0.025871736967006051,0.030571262111938204,0.0087054253307351226
F03,diagnostic_simulation,1.5,885,0.017156610416986798,0.025918724331027831,0.029981297682909542,0.0087621139140410323
F03,diagnostic_simulation,1.5,886,0.017146925626517935,0.026487227185387624,0.030915238917783097,0.0093403015588696889
F03,diagnostic_simulation,1.5,887,0.017137257218546881,0.02643756913690351,0.030504104679442354,0.0093003119183566289
F03,diagnostic_simulation,1.5,888,0.017127605146938771,0.026703692929540376,0.030620383482413509,0.0095760877826016055
F03,diagnostic_simulation,1.5,889,0.017117969365740421,0.026296147442154215,0.030481189017931756,0.0091781780764137941
F03,diagnostic_simulation,1.5,890,0.017108349829179435,0.026027352691250661,0.030303743763624217,0.0089190028620712257
F03,diagnostic_simulation,1.5,891,0.017098746491663222,0.025395880621466544,0.029783445301423461,0.008297134129803322
F03,diagnostic_simulation,1.5,892,0.017089159307778216,0.024748135899438087,0.030421734003360859,0.0076589765916598718
F03,diagnostic_simulation,1.5,893,0.017079588232288816,0.024962583875277028,0.030569650248323768,0.0078829956429882116
F03,diagnostic_simulation,1.5,894,0.017070033220136595,0.025489952153110042,0.030689534009743509,0.008419918932973447
F03,diagnostic_simulation,1.5,895,0.017060494226439397,0.025475695600748714,0.030587007604227348,0.0084152013743093168
F03,diagnostic_simulation,1.5,896,0.017050971206490458,0.025131292871141599,0.030453188703437568,0.0080803216646511411
F03,diagnostic_simulation,1.5,897,0.017041464115757396,0.025501728249511003,0.030653445162333953,0.0084602641337536075
F03,diagnostic_simulation,1.5,898,0.017031972909881551,0.025498955007923568,0.029036976632862952,0.0084669820980420168
F03,diagnostic_simulation,1.5,899,0.017022497544676954,0.025794752052670865,0.029706532996782001,0.008772254507993911
F03,diagnostic_simulation,1.5,900,0.017013037976129606,0.025124021987107836,0.02998415985320789,0.0081109840109782304
F03,diagnostic_simulation,1.5,901,0.017003594160396374,0.02498822934968592,0.029483135139002706,0.0079846351892895462
F03,diagnostic_simulation,1.5,902,0.016994166053804449,0.025247663086333749,0.029112661376722741,0.0082534970325293007
F03,diagnostic_simulation,1.5,903,0.016984753612850234,0.024670706359262135,0.029204269489393801,0.0076859527464119004
F03,diagnostic_simulation,1.5,904,0.016975356794198686,0.025290920226611543,0.030286679513255314,0.008315563432412857
F03,diagnostic_simulation,1.5,905,0.016965975554682364,0.026315940575488347,0.030058436964627792,0.0093499650208059837
F03,diagnostic_simulation,1.5,906,0.016956609851300614,0.025976312787573019,0.029937667714132928,0.0090197029362724043
F03,diagnostic_simulation,1.5,907,0.016947259641218834,0.025933347879511709,0.0307181379891436,0.0089860882382928747
F03,diagnostic_simulation,1.5,908,0.01693792488176752,0.025929619194904222,0.030221609271630541,0.0089916943131367021
F03,diagnostic_simulation,1.5,909,0.016928605530441485,0.025108618676670427,0.030674429748778161,0.008180013146228942
F03,diagnostic_simulation,1.5,910,0.016919301544899165,0.025810193160155263,0.031245324242772963,0.0088908916152560975
F03,diagnostic_simulation,1.5,911,0.016910012882961616,0.026724227031041253,0.030600920476696599,0.009814214148079637
F03,diagnostic_simulation,1.5,912,0.016900739502611846,0.027089904758988179,0.029555171583200101,0.010189165256376333
F03,diagnostic_simulation,1.5,913,0.016891481361993959,0.027117761674533267,0.030072010644515978,0.010226280312539308
F03,diagnostic_simulation,1.5,914,0.016882238419412488,0.026969528767752556,0.03073897263193209,0.010087290348340067
F03,diagnostic_simulation,1.5,915,0.01687301063333136,0.026274839317227412,0.03022041401670254,0.0094018286838960519
F03,diagnostic_simulation,1.5,916,0.016863797962373247,0.026469214632428378,0.030783724408763508,0.0096054166700551315
F03,diagnostic_simulation,1.5,917,0.01685460036531896,0.026386055040252352,0.031518162727119561,0.0095314546749333921
F03,diagnostic_simulation,1.5,918,0.016845417801106391,0.026735470435561546,0.0312739862876509,0.009890052634455155
F03,diagnostic_simulation,1.5,919,0.016836250228829789,0.026636998755861809,0.031227397664789464,0.0098007485270320202
F03,diagnostic_simulation,1.5,920,0.016827097607739216,0.026885929317367468,0.030676790018926075,0.010058831709628253
F03,diagnostic_simulation,1.5,921,0.016817959897239533,0.026112746580507842,0.029872093211055262,0.0092947866832683093
F03,diagnostic_simulation,1.5,922,0.016808837056889812,0.02652628798493236,0.030430086225238608,0.0097174509280425481
F03,diagnostic_simulation,1.5,923,0.016799729046402433,0.026424942864471085,0.031325824104880419,0.0096252138180686515
F03,diagnostic_simulation,1.5,924,0.016790635825642473,0.025934078554475156,0.030824629721068246,0.0091434427288326833
F03,diagnostic_simulation,1.5,925,0.016781557354627004,0.026374421462451045,0.03110946657900146,0.0095928641078240409
F03,diagnostic_simulation,1.5,926,0.016772493593524035,0.026540092949184205,0.030938076137402699,0.0097675993556601698
F03,diagnostic_simulation,1.5,927,0.01676344450265219,0.027493425006795122,0.031251687088018176,0.010729980504142932
F03,diagnostic_simulation,1.5,928,0.016754410042479791,0.027803618461349999,0.031531791246587441,0.011049208418870207
F03,diagnostic_simulation,1.5,929,0.016745390173624027,0.028572248913730069,0.031404711537553774,0.011826858740106042
F03,diagnostic_simulation,1.5,930,0.016736384856850459,0.027652614331544253,0.030792607715382513,0.010916229474693794
F03,diagnostic_simulation,1.5,931,0.016727394053072074,0.025862993036334336,0.031862194064829714,0.0091355989832622615
F03,diagnostic_simulation,1.5,932,0.016718417723348731,0.026598127191706351,0.030924211149747888,0.0098797094683576205
F03,diagnostic_simulation,1.5,933,0.016709455828886471,0.026514962999261135,0.030618671786612671,0.0098055071703746638
F03,diagnostic_simulation,1.5,934,0.016700508331036642,0.025915929711726203,0.030074302067651992,0.0092154213806895612
F03,diagnostic_simulation,1.5,935,0.016691575191295358,0.026120845759525897,0.030018194629387283,0.009429270568230539
F03,diagnostic_simulation,1.5,936,0.016682656371302774,0.026442528559615323,0.029431724014712137,0.0097598721883125489
F03,diagnostic_simulation,1.5,937,0.016673751832842289,0.02692596293361204,0.029299804985056875,0.010252211100769751
F03,diagnostic_simulation,1.5,938,0.016664861537840043,0.02656811099285622,0.029185973374344084,0.0099032494550161769
F03,diagnostic_simulation,1.5,939,0.016655985448364049,0.027291782316571273,0.029868950198562078,0.010635796868207224
F03,diagnostic_simulation,1.5,940,0.016647123526623623,0.02758093291067518,0.029220481327781697,0.010933809384051557
F03,diagnostic_simulation,1.5,941,0.016638275734968663,0.027419286914775097,0.03009924593974193,0.010781011179806434
F03,diagnostic_simulation,1.5,942,0.016629442035889029,0.026285212211238817,0.02979550693167541,0.0096557701753497878
F03,diagnostic_simulation,1.5,943,0.016620622392013777,0.025916822676789141,0.029990307488358989,0.009296200284775364
F03,diagnostic_simulation,1.5,944,0.016611816766110656,0.026164816232771823,0.029893276646538458,0.0095529994666611676
F03,diagnostic_simulation,1.5,945,0.016603025121085243,0.026532452268193982,0.030081824772533929,0.0099294271471087395
F03,diagnostic_simulation,1.5,946,0.016594247419980449,0.026373670548779087,0.029593217887094667,0.0097794231287986373
F03,diagnostic_simulation,1.5,947,0.01658548362597579,0.026635068549791918,0.029704617471343293,0.010049584923816128
F03,diagnostic_simulation,1.5,948,0.016576733702386812,0.026730884087045739,0.029522295083997029,0.010154150384658927
F03,diagnostic_simulation,1.5,949,0.016567997612664271,0.026452458890866979,0.029246393638136171,0.009884461278202708
F03,diagnostic_simulation,1.5,950,0.016559275320393776,0.025945274393745648,0.029919232067413048,0.0093859990733518722
F03,diagnostic_simulation,1.5,951,0.016550566789294847,0.026222946250473791,0.029816397941682258,0.009672379461178944
F03,diagnostic_simulation,1.5,952,0.01654187198322047,0.025231438941468346,0.029532661570810442,0.0086895669582478761
F03,diagnostic_simulation,1.5,953,0.016533190866156445,0.025044890520730043,0.029564026766032717,0.0085116996545735978
F03,diagnostic_simulation,1.5,954,0.016524523402220773,0.025940885945097435,0.030165537533699813,0.0094163625428766613
F03,diagnostic_simulation,1.5,955,0.016515869555662855,0.026320978295410604,0.030549614516665959,0.009805108739747749
F03,diagnostic_simulation,1.5,956,0.016507229290863124,0.026456039327993629,0.030504158889879882,0.0099488100371305059
F03,diagnostic_simulation,1.5,957,0.016498602572332322,0.027441067128149567,0.030655255626941793,0.010942464555817245
F03,diagnostic_simulation,1.5,958,0.016489989364710814,0.027590491067668248,0.029813799025428297,0.011100501702957434
F03,diagnostic_simulation,1.5,959,0.01648138963276807,0.027540823554185724,0.029291258422587643,0.011059433921417654
F03,diagnostic_simulation,1.5,960,0.016472803341402085,0.027176243567753011,0.029333025216270806,0.010703440226350926
F03,diagnostic_simulation,1.5,961,0.016464230455638697,0.027076800557463542,0.029141032468932595,0.010612570101824845
F03,diagnostic_simulation,1.5,962,0.016455670940631016,0.026763904097525867,0.028769255855143797,0.010308233156894851
F03,diagnostic_simulation,1.5,963,0.016447124761658802,0.02676113499833449,0.029022660772294533,0.010314010236675688
F03,diagnostic_simulation,1.5,964,0.016438591884128027,0.026894287464583812,0.029857381965287245,0.010455695580455785
F03,diagnostic_simulation,1.5,965,0.01643007227356999,0.027136561515282622,0.029839220725736557,0.010706489241712632
F03,diagnostic_simulation,1.5,966,0.016421565895641088,0.026810259669650584,0.029914279520696131,0.010388693774009496
F03,diagnostic_simulation,1.5,967,0.016413072716121916,0.027711092477515253,0.030654499102438639,0.011298019761393337
F03,diagnostic_simulation,1.5,968,0.016404592700916931,0.027425950317027596,0.03055169573427869,0.011021357616110665
F03,diagnostic_simulation,1.5,969,0.016396125816053653,0.02751699052359529,0.030753654400455414,0.011120864707541638
F03,diagnostic_simulation,1.5,970,0.016387672027682345,0.027920083928721848,0.030117511592199376,0.011532411901039503
F03,diagnostic_simulation,1.5,971,0.016379231302075255,0.027137184931061018,0.030597365971503896,0.010757953628985763
F03,diagnostic_simulation,1.5,972,0.016370803605626073,0.027760441394942794,0.030230099170074718,0.011389637789316721
F03,diagnostic_simulation,1.5,973,0.016362388904849447,0.027693541779140875,0.02941037966180084,0.011331152874291428
F03,diagnostic_simulation,1.5,974,0.016353987166380424,0.027374889918443925,0.029053557722218102,0.011020902752063501
F03,diagnostic_simulation,1.5,975,0.016345598356973766,0.027802878595851732,0.029545677473676014,0.011457280238877966
F03,diagnostic_simulation,1.5,976,0.016337222443503562,0.027164507137168413,0.02972570610401452,0.010827284693664851
F03,diagnostic_simulation,1.5,977,0.016328859392962528,0.026590265998384176,0.029939730463306488,0.010261406605421648
F03,diagnostic_simulation,1.5,978,0.016320509172461625,0.026133761668823658,0.031226408833624934,0.0098132524963620328
F03,diagnostic_simulation,1.5,979,0.016312171749229314,0.025622690636187856,0.031180553244869656,0.0093105188869585416
F03,diagnostic_simulation,1.5,980,0.016303847090611258,0.025290621984653323,0.030686477922598154,0.0089867748940420655
F03,diagnostic_simulation,1.5,981,0.016295535164069487,0.026202984343111385,0.030879814134143608,0.0099074491790418981
F03,diagnostic_simulation,1.5,982,0.016287235937182176,0.025942709888881234,0.030913757181368056,0.0096554739516990576
F03,diagnostic_simulation,1.5,983,0.016278949377642949,0.026819662966522564,0.030929843371644814,0.010540713588879615
F03,diagnostic_simulation,1.5,984,0.016270675453260313,0.027368279981620464,0.03107255278797252,0.011097604528360151
F03,diagnostic_simulation,1.5,985,0.016262414131957174,0.027475599156069678,0.031711539607158667,0.011213185024112504
F03,diagnostic_simulation,1.5,986,0.016254165381770429,0.026636174269982157,0.031384193103621651,0.010382008888211728
F03,diagnostic_simulation,1.5,987,0.016245929170850267,0.027095769977446511,0.030864217994236453,0.010849840806596244
F03,diagnostic_simulation,1.5,988,0.016237705467459795,0.027031735820735502,0.030519575757715283,0.010794030353275707
F03,diagnostic_simulation,1.5,989,0.016229494239974364,0.026531178801860959,0.030939400346122543,0.010301684561886595
F03,diagnostic_simulation,1.5,990,0.016221295456881224,0.02577310705560704,0.030066904379277302,0.0095518115987258158
F03,diagnostic_simulation,1.5,991,0.016213109086779028,0.025308918526687419,0.03021815946693629,0.0090958094399083908
F03,diagnostic_simulation,1.5,992,0.016204935098377095,0.025371239737777232,0.030336968813422939,0.0091663046394001371
F03,diagnostic_simulation,1.5,993,0.016196773460495115,0.025689160677156132,0.030480306085994689,0.009492387216661017
F03,diagnostic_simulation,1.5,994,0.016188624142062659,0.026169825770629904,0.029458821285700557,0.0099812016285672454
F03,diagnostic_simulation,1.5,995,0.016180487112118558,0.02578030166686451,0.02912610127361984,0.0095998145547459522
F03,diagnostic_simulation,1.5,996,0.016172362339810474,0.025737321365662383,0.029111804176971925,0.0095649590258519088
F03,diagnostic_simulation,1.5,997,0.01616424979439441,0.025408103481946952,0.029601345725665775,0.0092438536875525425
F03,diagnostic_simulation,1.5,998,0.016156149445234226,0.024885504660228382,0.028806179441046329,0.0087293552149941556
F03,diagnostic_simulation,1.5,999,0.016148061261801117,0.0250588753374562,0.029147067932752051,0.0089108140756550824
F03,diagnostic_simulation,1.5,1000,0.0161399852136732,0.025223631406427104,0.029127536998323551,0.0090836461927539039
F03,diagnostic_simulation,1.5,1001,0.016131921270534939,0.024925998399344423,0.029153557953631348,0.0087940771288094848
F03,diagnostic_simulation,1.5,1002,0.016123869402176794,0.025230525920763421,0.029464911773010274,0.0091066565185866262
F03,diagnostic_simulation,1.5,1003,0.016115829578494521,0.025134888814854813,0.029519150310196994,0.0090190592363602919
F03,diagnostic_simulation,1.5,1004,0.016107801769489002,0.024756835413954202,0.029466982770962349,0.0086490336444652004
F03,diagnostic_simulation,1.5,1005,0.016099785945265552,0.025562056988806724,0.029883379261710741,0.0094622710435411719
F03,diagnostic_simulation,1.5,1006,0.016091782076033515,0.025224210953595415,0.030136482734473714,0.0091324288775618996
F03,diagnostic_simulation,1.5,1007,0.016083790132105834,0.025760424604709405,0.029670557840302977,0.0096766344726035708
F03,diagnostic_simulation,1.5,1008,0.016075810083898499,0.024968790208933278,0.028760860545070318,0.0088929801250347794
F03,diagnostic_simulation,1.5,1009,0.016067841901930221,0.024758266796867521,0.029294835422951176,0.0086904248949373
F03,diagnostic_simulation,1.5,1010,0.016059885556821842,0.025164283471321238,0.028972654959013647,0.0091043979144993965
F03,diagnostic_simulation,1.5,1011,0.016051941019295971,0.026317049166516681,0.029202759069389548,0.01026510814722071
F03,diagnostic_simulation,1.5,1012,0.016044008260176445,0.026414801709480261,0.029123554989633448,0.010370793449303816
F03,diagnostic_simulation,1.5,1013,0.01603608725038802,0.026509682879474285,0.029206002752843675,0.010473595629086264
F03,diagnostic_simulation,1.5,1014,0.016028177960955747,0.026856355072186266,0.028684247245655298,0.010828177111230519
F03,diagnostic_simulation,1.5,1015,0.016020280363004707,0.027160905146498469,0.028849539210132044,0.011140624783493761
F03,diagnostic_simulation,1.5,1016,0.016012394427759341,0.02658945038448577,0.029524062830486267,0.010577055956726429
F03,diagnostic_simulation,1.5,1017,0.016004520126543294,0.026312866919161935,0.029384964543006768,0.01030834679261864
F03,diagnostic_simulation,1.5,1018,0.015996657430778754,0.026256481545307624,0.030587528915102316,0.01025982411452887
F03,diagnostic_simulation,1.5,1019,0.015988806311986042,0.025904260411680233,0.029899115986565139,0.009915454099694191
F03,diagnostic_simulation,1.5,1020,0.015980966741783367,0.025457254024907706,0.029318227222103255,0.0094762872831243398
F03,diagnostic_simulation,1.5,1021,0.015973138691886126,0.025407566549097552,0.028975290348899237,0.0094344278572114255
F03,diagnostic_simulation,1.5,1022,0.015965322134106646,0.02386432395585205,0.030444415832849934,0.0078990018217454036
F03,diagnostic_simulation,1.5,1023,0.015957517040353707,0.023983134255766484,0.03054464524627706,0.0080256172154127767
F03,diagnostic_simulation,1.5,1024,0.015949723382632196,0.024575865502450982,0.030117048225957586,0.0086261421198187867
F03,diagnostic_simulation,1.5,1025,0.015941941133042498,0.024872759163446553,0.030372435776715084,0.0089308180304040544
F03,diagnostic_simulation,1.5,1026,0.015934170263780283,0.024565522101119033,0.030210937710186229,0.0086313518373387493
F03,diagnostic_simulation,1.5,1027,0.015926410747135984,0.024750399246314867,0.030601697571809666,0.0088239884991788836
F03,diagnostic_simulation,1.5,1028,0.015918662555494355,0.024996553256024144,0.030439007724995085,0.0090778907005297886
F03,diagnostic_simulation,1.5,1029,0.015910925661334188,0.025657277444804012,0.030686049688686639,0.0097463517834698241
F03,diagnostic_simulation,1.5,1030,0.015903200037227717,0.024923022128265814,0.029793778288950822,0.0090198220910380975
F03,diagnostic_simulation,1.5,1031,0.015895485655840414,0.025103116275329074,0.030520740910257735,0.0092076306194886597
F03,diagnostic_simulation,1.5,1032,0.015887782489930363,0.024937574680596829,0.031088264367561534,0.0090497921906664662
F03,diagnostic_simulation,1.5,1033,0.015880090512348094,0.024874478669990926,0.031025430284990552,0.0089943881576428318
F03,diagnostic_simulation,1.5,1034,0.015872409696035907,0.024986595687641222,0.030874618923240921,0.0091141859916053156
F03,diagnostic_simulation,1.5,1035,0.015864740014027792,0.025154245927945799,0.029597742637998699,0.0092895059139180072
F03,diagnostic_simulation,1.5,1036,0.015857081439448726,0.025281684207301192,0.03009010940999482,0.0094246027678524663
F03,diagnostic_simulation,1.5,1037,0.015849433945514482,0.025294228036781857,0.029930605404468926,0.009444794091267375
F03,diagnostic_simulation,1.5,1038,0.015841797505531184,0.024953467174251072,0.029939363162524209,0.0091116696687198878
F03,diagnostic_simulation,1.5,1039,0.015834172092894831,0.024948775396870994,0.029425732744398286,0.0091146033039761626
F03,diagnostic_simulation,1.5,1040,0.015826557681091046,0.025310795698265821,0.028575082718824595,0.0094842380171747745
F03,diagnostic_simulation,1.5,1041,0.015818954243694554,0.025001627710137381,0.028766943898164279,0.0091826734664428276
F03,diagnostic_simulation,1.5,1042,0.015811361754368931,0.025481421053841029,0.028398994933862439,0.0096700592994720981
F03,diagnostic_simulation,1.5,1043,0.015803780186866078,0.026224526141225044,0.027611259873551671,0.010420745954358965
F03,diagnostic_simulation,1.5,1044,0.015796209515025972,0.025233626962849483,0.026821803497340257,0.0094374174478235109
F03,diagnostic_simulation,1.5,1045,0.015788649712776204,0.024752105523192347,0.027667890303335489,0.0089634558104161426
F03,diagnostic_simulation,1.5,1046,0.015781100754131642,0.025469363993596277,0.027917364401598845,0.0096882632394646347
F03,diagnostic_simulation,1.5,1047,0.015773562613193997,0.024673780242591835,0.027572650365347433,0.0089002176293978379
F03,diagnostic_simulation,1.5,1048,0.015766035264151563,0.024850055152127948,0.029132406834284565,0.0090840198879763856
F03,diagnostic_simulation,1.5,1049,0.015758518681278717,0.025546257109481222,0.028855215755868538,0.0097877384282025054
F03,diagnostic_simulation,1.5,1050,0.015751012838935607,0.025754134526262573,0.028740509253633691,0.010003121687326966
F03,diagnostic_simulation,1.5,1051,0.015743517711567834,0.026389064432979819,0.028516864735186671,0.010645546721411984
F03,diagnostic_simulation,1.5,1052,0.015736033273705992,0.025954452836548035,0.028798099534316317,0.010218419562842043
F03,diagnostic_simulation,1.5,1053,0.015728559499965378,0.0256835739263322,0.029329085332328649,0.0099550144263668219
F03,diagnostic_simulation,1.5,1054,0.015721096365045612,0.024932015779999234,0.02952818466063192,0.0092109194149536215
F03,diagnostic_simulation,1.5,1055,0.015713643843730227,0.024644852904565105,0.03000893138790316,0.0089312090608348778
F03,diagnostic_simulation,1.5,1056,0.015706201910886401,0.02459994331413164,0.030139895601512756,0.0088937414032452394
F03,diagnostic_simulation,1.5,1057,0.015698770541464541,0.024110737034015482,0.03002842645693294,0.0084119664925509409
F03,diagnostic_simulation,1.5,1058,0.015691349710497886,0.024034226270271096,0.028650884811265046,0.0083428765597732095
F03,diagnostic_simulation,1.5,1059,0.015683939393102239,0.023868663462090888,0.028463896001380162,0.008184724068988649
F03,diagnostic_simulation,1.5,1060,0.015676539564475681,0.023832368126733155,0.028697076203486205,0.0081558285622574736
F03,diagnostic_simulation,1.5,1061,0.015669150199898001,0.023295273916723799,0.029486237032739022,0.0076261237168257986
F03,diagnostic_simulation,1.5,1062,0.015661771274730531,0.023339410606629335,0.02927990258150933,0.0076776393318988036
F03,diagnostic_simulation,1.5,1063,0.015654402764415744,0.024224282885388061,0.029374794782105751,0.0085698801209723174
F03,diagnostic_simulation,1.5,1064,0.015647044644476926,0.025091925846483839,0.029410320856000125,0.0094448812020069134
F03,diagnostic_simulation,1.5,1065,0.015639696890517748,0.024886145572795972,0.029443162201402241,0.0092464486822782244
F03,diagnostic_simulation,1.5,1066,0.015632359478222127,0.025384176376408583,0.028757132447338424,0.0097518168981864557
F03,diagnostic_simulation,1.5,1067,0.015625032383353644,0.025551848688318009,0.02949335876059548,0.0099268163049643643
F03,diagnostic_simulation,1.5,1068,0.015617715581755426,0.025209134504895127,0.028246996289950713,0.009591418923139701
F03,diagnostic_simulation,1.5,1069,0.01561040904934958,0.025242746337259411,0.029212947298896657,0.0096323372879098309
F03,diagnostic_simulation,1.5,1070,0.015603112762137125,0.024904816258991699,0.029481229389956742,0.0093017034968545746
F03,diagnostic_simulation,1.5,1071,0.015595826696197449,0.025949638606826447,0.028684053698254431,0.010353811910628999
F03,diagnostic_simulation,1.5,1072,0.015588550827688105,0.025520737574309001,0.028381049282772606,0.0099321867466208962
F03,diagnostic_simulation,1.5,1073,0.015581285132844366,0.025869399512010144,0.028279657772320336,0.010288114379165778
F03,diagnostic_simulation,1.5,1074,0.015574029587979024,0.025869498601907535,0.028346614906523987,0.010295469013928511
F03,diagnostic_simulation,1.5,1075,0.015566784169482007,0.025967273019776381,0.028814433342094593,0.010400488850294374
F03,diagnostic_simulation,1.5,1076,0.015559548853820042,0.026027701594986744,0.028848784250933065,0.010468152741166702
F03,diagnostic_simulation,1.5,1077,0.015552323617536369,0.025779780669330097,0.029299145610693449,0.010227457051793728
F03,diagnostic_simulation,1.5,1078,0.015545108437250396,0.026070035929611664,0.02886307439090249,0.010524927492361268
F03,diagnostic_simulation,1.5,1079,0.015537903289657326,0.025791469557389923,0.02940880596213765,0.010253566267732597
F03,diagnostic_simulation,1.5,1080,0.015530708151528039,0.026501164465418441,0.028906054946736405,0.010970456313890401
F03,diagnostic_simulation,1.5,1081,0.015523522999708548,0.026078954122185069,0.02858525245250141,0.010555431122476521
F03,diagnostic_simulation,1.5,1082,0.015516347811119782,0.02581091847913522,0.028794987872135976,0.010294570668015438
F03,diagnostic_simulation,1.5,1083,0.01550918256275733,0.025283362892197611,0.029501875658710802,0.009774180329440281
F03,diagnostic_simulation,1.5,1084,0.015502027231691005,0.024861143032253126,0.02993073849182808,0.0093591158005621213
F03,diagnostic_simulation,1.5,1085,0.015494881795064612,0.025605322934662281,0.029338769125034036,0.01011044113959767
F03,diagnostic_simulation,1.5,1086,0.015487746230095693,0.025181185790130924,0.029030183909465754,0.0096934395600352316
F03,diagnostic_simulation,1.5,1087,0.01548062051407513,0.025813328123743089,0.029215289156742513,0.010332707609667958
F03,diagnostic_simulation,1.5,1088,0.01547350462436688,0.025225430558960534,0.029088750878432393,0.009751925934593654
F03,diagnostic_simulation,1.5,1089,0.015466398538407641,0.02470073356189309,0.029430308265580019,0.0092343350234854495
F03,diagnostic_simulation,1.5,1090,0.015459302233706586,0.025204555379346801,0.028927698139419054,0.009745253145640214
F03,diagnostic_simulation,1.5,1091,0.01545221568784514,0.025571435685473834,0.029042254943707543,0.010119219997628694
F03,diagnostic_simulation,1.5,1092,0.015445138878476442,0.02549300522501264,0.028839289984627793,0.010047866346536198
F03,diagnostic_simulation,1.5,1093,0.015438071783325387,0.025014269242408571,0.027983155897086824,0.0095761974590831845
F03,diagnostic_simulation,1.5,1094,0.015431014380187959,0.025678031028538596,0.027729361002833054,0.010247016648350636
F03,diagnostic_simulation,1.5,1095,0.015423966646931285,0.025814119188351616,0.027888225127782214,0.01039015254142033
F03,diagnostic_simulation,1.5,1096,0.015416928561493119,0.025290368054917106,0.028041980632538911,0.0098734394934239869
F03,diagnostic_simulation,1.5,1097,0.015409900101881658,0.024581780292437759,0.029305780011987914,0.0091718801905561007
F03,diagnostic_simulation,1.5,1098,0.015402881246175122,0.025517533308305817,0.029771708623748481,0.010114652062130695
F03,diagnostic_simulation,1.5,1099,0.015395871972521727,0.025405581413166314,0.030532923120076334,0.010009709440644587
F03,diagnostic_simulation,1.5,1100,0.015388872259139055,0.025398974885459918,0.030169372390546893,0.010010102626320863
F03,diagnostic_simulation,1.5,1101,0.015381882084314066,0.024340817413223109,0.030595142234889357,0.0089589353289090436
F03,diagnostic_simulation,1.5,1102,0.015374901426402658,0.02459470123581646,0.031063188322625373,0.0092197998094138024
F03,diagnostic_simulation,1.5,1103,0.015367930263829436,0.024115943472481333,0.030109085011972202,0.0087480132086518968
F03,diagnostic_simulation,1.5,1104,0.015360968575087383,0.023696559914189397,0.029671204777686169,0.0083355913391020137
F03,diagnostic_simulation,1.5,1105,0.015354016338737691,0.02421381479395799,0.029555583461184181,0.0088597984552202993
F03,diagnostic_simulation,1.5,1106,0.01534707353340934,0.023789639822554571,0.028819786131135144,0.0084425662891452306
F03,diagnostic_simulation,1.5,1107,0.015340140137798924,0.024100989514896351,0.028658509026236831,0.0087608493770974273
F03,diagnostic_simulation,1.5,1108,0.01533321613067035,0.024215050797591137,0.029269831997345296,0.0088818346669207876
F03,diagnostic_simulation,1.5,1109,0.015326301490854602,0.024671021127435022,0.029379139260137292,0.0093447196365804199
F03,diagnostic_simulation,1.5,1110,0.015319396197249303,0.024530329382379309,0.030121848512522562,0.0092109331851300061
F03,diagnostic_simulation,1.5,1111,0.015312500228818712,0.024570648155597181,0.029752064519408705,0.0092581479267784695
F03,diagnostic_simulation,1.5,1112,0.015305613564593206,0.024539136964050381,0.028806281222500087,0.0092335233994571744
F03,diagnostic_simulation,1.5,1113,0.015298736183669216,0.024106332198091409,0.02921581106520376,0.0088075960144221935
F03,diagnostic_simulation,1.5,1114,0.015291868065208759,0.024248170708347699,0.029099995002783374,0.0089563026431389407
F03,diagnostic_simulation,1.5,1115,0.015285009188439351,0.024786517973098773,0.028731048824435685,0.0095015087846594213
F03,diagnostic_simulation,1.5,1116,0.015278159532653679,0.024104693749329571,0.028513894476884415,0.0088265342166758912
F03,diagnostic_simulation,1.5,1117,0.015271319077209229,0.023739881314959754,0.029335646733962269,0.0084685622377505248
F03,diagnostic_simulation,1.5,1118,0.015264487801528235,0.024154681909081856,0.02846732458626889,0.0088901941075536211
F03,diagnostic_simulation,1.5,1119,0.015257665685097305,0.024432525620151326,0.029086528317757612,0.0091748599350540208
F03,diagnostic_simulation,1.5,1120,0.015250852707467044,0.023727703199705776,0.030201129508006023,0.0084768504922387317
F03,diagnostic_simulation,1.5,1121,0.015244048848252036,0.023920305873428777,0.028929798846683671,0.0086762570251767406
F03,diagnostic_simulation,1.5,1122,0.015237254087130466,0.02402862593957597,0.02925308141216465,0.008791371852445504
F03,diagnostic_simulation,1.5,1123,0.015230468403843803,0.023964546913849843,0.028570403183956129,0.0087340785100060402
F03,diagnostic_simulation,1.5,1124,0.015223691778196657,0.024108305876944295,0.028062242792628755,0.0088846140987476376
F03,diagnostic_simulation,1.5,1125,0.015216924190056482,0.023490627119098613,0.028497258460586868,0.0082737029290421305
F03,diagnostic_simulation,1.5,1126,0.015210165619353299,0.024005049460190483,0.029339444463189947,0.0087948838408371845
F03,diagnostic_simulation,1.5,1127,0.015203416046079502,0.024382511483926339,0.028666682855410606,0.0091790954378468369
F03,diagnostic_simulation,1.5,1128,0.015196675450289583,0.0246651546265363,0.028564716420206207,0.009468479176246717
F03,diagnostic_simulation,1.5,1129,0.015189943812099829,0.022900024902783363,0.028448199693928079,0.0077100810906835342
F03,diagnostic_simulation,1.5,1130,0.015183221111688173,0.023402001425210907,0.028598462147217237,0.008218780313522734
F03,diagnostic_simulation,1.5,1131,0.01517650732929389,0.024269863953136434,0.028777073899666626,0.009093356623842544
F03,diagnostic_simulation,1.5,1132,0.01516980244521738,0.02425175853983725,0.028334425681767677,0.0090819560946198696
F03,diagnostic_simulation,1.5,1133,0.015163106439819912,0.023981747895682557,0.028462439651832646,0.0088186414558626448
F03,diagnostic_simulation,1.5,1134,0.015156419293523335,0.024196390942875755,0.028435375978848734,0.0090399716493524199
F03,diagnostic_simulation,1.5,1135,0.015149740986809931,0.025192617879076968,0.028367687953916983,0.010042876892267037
F03,diagnostic_simulation,1.5,1136,0.01514307150022212,0.025518374915711392,0.029038606985775324,0.010375303415489272
F03,diagnostic_simulation,1.5,1137,0.015136410814362237,0.025496442624144182,0.030042096986116283,0.010360031809781945
F03,diagnostic_simulation,1.5,1138,0.015129758909892268,0.026382535267388488,0.030946579319211368,0.011252776357496221
F03,diagnostic_simulation,1.5,1139,0.015123115767533619,0.025230359571655713,0.030202435040944501,0.010107243804122094
F03,diagnostic_simulation,1.5,1140,0.015116481368066981,0.025164365297083571,0.028908712291260182,0.01004788392901659
F03,diagnostic_simulation,1.5,1141,0.015109855692331918,0.024627111565767443,0.028222438311758146,0.0095172558734355258
F03,diagnostic_simulation,1.5,1142,0.015103238721226819,0.024359008743228022,0.028217666113733109,0.0092557700220012029
F03,diagnostic_simulation,1.5,1143,0.015096630435708466,0.023998950195593123,0.027910108482234356,0.0089023197598846575
F03,diagnostic_simulation,1.5,1144,0.015090030816791975,0.023714559386973182,0.028307275519609227,0.0086245285701812072
F03,diagnostic_simulation,1.5,1145,0.015083439845550543,0.023172502576638228,0.029311050547008926,0.0080890627310876845
F03,diagnostic_simulation,1.5,1146,0.015076857503115148,0.022775078736235528,0.02867040488238316,0.0076982212331203805
F03,diagnostic_simulation,1.5,1147,0.01507028377067437,0.023792419069950999,0.028786579003943581,0.0087221352992766284
F03,diagnostic_simulation,1.5,1148,0.015063718629474107,0.023970673880059468,0.028790330074932185,0.0089069552505853609
F03,diagnostic_simulation,1.5,1149,0.015057162060817465,0.023587616621008063,0.029062719032801665,0.0085304545601905986
F03,diagnostic_simulation,1.5,1150,0.01505061404606438,0.023631769312704509,0.028864669436077694,0.0085811552666401284
F03,diagnostic_simulation,1.5,1151,0.015044074566631609,0.022841608778779509,0.028839757334358524,0.0077975342121479
F03,diagnostic_simulation,1.5,1152,0.01503754360399224,0.022722918710152033,0.028410154524344665,0.0076853751061597923
F03,diagnostic_simulation,1.5,1153,0.015031021139675726,0.02212049457644133,0.028134896722516831,0.0070894734367656035
F03,diagnostic_simulation,1.5,1154,0.015024507155267508,0.021747959691942223,0.027841042821748235,0.0067234525366747146
F03,diagnostic_simulation,1.5,1155,0.015018001632408799,0.022708811482476273,0.028882336995322052,0.0076908098500674746
F03,diagnostic_simulation,1.5,1156,0.015011504552796472,0.022701235305837817,0.029902142000452853,0.0076897307530413451
F03,diagnostic_simulation,1.5,1157,0.015005015898182766,0.022662048301256385,0.028937739568801746,0.007657032403073619
F03,diagnostic_simulation,1.5,1158,0.014998535650375063,0.022783789168767676,0.029064591958486281,0.0077852535183926125
F03,diagnostic_simulation,1.5,1159,0.014992063791235683,0.022530030461520779,0.028999401702578628,0.0075379666702850966
F03,diagnostic_simulation,1.5,1160,0.014985600302681763,0.022718825675137173,0.027601573395658184,0.0077332253724554101
F03,diagnostic_simulation,1.5,1161,0.014979145166684889,0.022443032687952856,0.027389935922527489,0.0074638875212679669
F03,diagnostic_simulation,1.5,1162,0.014972698365270922,0.023056187783065497,0.027236452336389768,0.0080834894177945742
F03,diagnostic_simulation,1.5,1163,0.014966259880520002,0.023725865101290902,0.027910917597568204,0.0087596052207709
F03,diagnostic_simulation,1.5,1164,0.014959829694565916,0.022683730554065445,0.028492072127631322,0.0077239008594995294
F03,diagnostic_simulation,1.5,1165,0.014953407789596406,0.023517217860440878,0.028972630661411349,0.0085638100708444725
F03,diagnostic_simulation,1.5,1166,0.014946994147852454,0.022697315482531094,0.028538572306126379,0.00775032133467864
F03,diagnostic_simulation,1.5,1167,0.014940588751628457,0.023412024814447249,0.028019732641441555,0.0084714360628187924
F03,diagnostic_simulation,1.5,1168,0.01493419158327185,0.023459053706087914,0.028344845560315742,0.008524862122816064
F03,diagnostic_simulation,1.5,1169,0.01492780262518292,0.023717789060254815,0.028454005298130653,0.0087899864350718948
F03,diagnostic_simulation,1.5,1170,0.014921421859814578,0.022953435974464888,0.028238071573418465,0.0080320141146503106
F03,diagnostic_simulation,1.5,1171,0.014915049269672303,0.023030160208144138,0.027852226795171301,0.008115110938471835
F03,diagnostic_simulation,1.5,1172,0.014908684837313668,0.022533068681697657,0.026466948656321116,0.0076243838443839883
F03,diagnostic_simulation,1.5,1173,0.014902328545348481,0.022826291043832461,0.026969884012498363,0.0079239624984839795
F03,diagnostic_simulation,1.5,1174,0.014895980376438269,0.02415603326052803,0.026891766042534945,0.009260052884089761
F03,diagnostic_simulation,1.5,1175,0.014889640313296256,0.024115891159486376,0.026707374045110633,0.0092262508461901198
F03,diagnostic_simulation,1.5,1176,0.014883308338687125,0.024091076300542594,0.025948544833772635,0.0092077679618554689
F03,diagnostic_simulation,1.5,1177,0.014876984435426887,0.023540332685741874,0.027025720623240729,0.008663348250314987
F03,diagnostic_simulation,1.5,1178,0.014870668586382542,0.023542338848738915,0.02722242100913386,0.0086716702623563739
F03,diagnostic_simulation,1.5,1179,0.014864360774471921,0.02364397524572261,0.02694942182582653,0.0087796144712506893
F03,diagnostic_simulation,1.5,1180,0.01485806098266366,0.023477376189819286,0.027319343910552532,0.0086193152071556266
F03,diagnostic_simulation,1.5,1181,0.014851769193976818,0.023484172085697978,0.028027850906698605,0.0086324028917211595
F03,diagnostic_simulation,1.5,1182,0.014845485391480711,0.023163334125274947,0.027572719545589805,0.0083178487337942364
F03,diagnostic_simulation,1.5,1183,0.014839209558294802,0.023697985522740946,0.027405662596249915,0.0088587759644461438
F03,diagnostic_simulation,1.5,1184,0.014832941677588467,0.023479652053954629,0.027944088998709916,0.0086467103763661624
F03,diagnostic_simulation,1.5,1185,0.014826681732580765,0.023124322211535146,0.028880833092859836,0.0082976404789543816
F03,diagnostic_simulation,1.5,1186,0.014820429706540303,0.022651154591926674,0.029020799128046261,0.0078307248853863708
F03,diagnostic_simulation,1.5,1187,0.014814185582785085,0.022602382768042245,0.028817491517800085,0.0077881971852571605
F03,diagnostic_simulation,1.5,1188,0.014807949344682169,0.02335067980809025,0.027600857418883542,0.0085427304634080811
F03,diagnostic_simulation,1.5,1189,0.014801720975647673,0.023707152574198614,0.027914164953254505,0.0089054315985509416
F03,diagnostic_simulation,1.5,1190,0.014795500459146484,0.023031837028748364,0.0279819125705951,0.0082363365696018799
F03,diagnostic_simulation,1.5,1191,0.014789287778692086,0.024070426475265663,0.028180985297522672,0.0092811386965735761
F03,diagnostic_simulation,1.5,1192,0.01478308291784633,0.02368443238603268,0.027893150259132648,0.0089013494681863502
F03,diagnostic_simulation,1.5,1193,0.01477688586021938,0.023537943905177598,0.027647447307125265,0.0087610580449582181
F03,diagnostic_simulation,1.5,1194,0.014770696589469426,0.023674075493389537,0.027955422033865161,0.0089033789039201106
F03,diagnostic_simulation,1.5,1195,0.014764515089302516,0.023996068197233943,0.02901787307173687,0.0092315531079314277
F03,diagnostic_simulation,1.5,1196,0.014758341343472378,0.023541088646013768,0.02848632308368584,0.00878274730254139
F03,diagnostic_simulation,1.5,1197,0.014752175335780302,0.02215679812375693,0.028787923650495796,0.007404622787976628
F03,diagnostic_simulation,1.5,1198,0.014746017050074894,0.021524568301487666,0.029039046074460704,0.0067785512514127715
F03,diagnostic_simulation,1.5,1199,0.014739866470251927,0.022172296844162564,0.028438638854089492,0.0074324303739106371
F03,diagnostic_simulation,1.5,1200,0.014733723580254092,0.022076575817033546,0.028185730038722528,0.0073428522367794541
F03,diagnostic_simulation,1.5,1201,0.01472758836407095,0.020817764799209028,0.027020596093515908,0.0060901764351380776
F03,diagnostic_simulation,1.5,1202,0.014721460805738685,0.021759624744196022,0.02774098209224838,0.0070381639384573379
F03,diagnostic_simulation,1.5,1203,0.014715340889339908,0.021855515231412458,0.02727089185694196,0.00714017434207255
F03,diagnostic_simulation,1.5,1204,0.014709228599003553,0.022293439104775048,0.028004333980537994,0.0075842105057714951
F03,diagnostic_simulation,1.5,1205,0.014703123918904607,0.021954364813232211,0.028190023112428023,0.0072512408943276041
F03,diagnostic_simulation,1.5,1206,0.014697026833264022,0.02194965853957645,0.028930313841736301,0.0072526317063124277
F03,diagnostic_simulation,1.5,1207,0.014690937326348526,0.022097287851090493,0.028851429597001856,0.0074063505247419677
F03,diagnostic_simulation,1.5,1208,0.014684855382470415,0.02246911119968115,0.028078837754460875,0.0077842558172107352
F03,diagnostic_simulation,1.5,1209,0.014678780985987478,0.022805487956770846,0.028255457300958717,0.0081267069707833678
F03,diagnostic_simulation,1.5,1210,0.014672714121302607,0.023088213877838836,0.028313184021561483,0.0084154997565362294
F03,diagnostic_simulation,1.5,1211,0.014666654772863963,0.022870813580497678,0.028232585466772726,0.0082041588076337147
F03,diagnostic_simulation,1.5,1212,0.014660602925164527,0.022079507304585105,0.028365232815288081,0.0074189043794205788
F03,diagnostic_simulation,1.5,1213,0.014654558562742013,0.02207671759967194,0.027876042210038459,0.0074221590369299272
F03,diagnostic_simulation,1.5,1214,0.014648521670178813,0.02160445330165179,0.029498711885388156,0.0069559316314729766
F03,diagnostic_simulation,1.5,1215,0.01464249223210163,0.021288358135738074,0.029174497968003171,0.0066458659036364442
F03,diagnostic_simulation,1.5,1216,0.014636470233181521,0.0218642690703949,0.028906257548585466,0.007227798837213379
F03,diagnostic_simulation,1.5,1217,0.014630455658133625,0.021472480808808592,0.027722417730336478,0.0068420251506749671
F03,diagnostic_simulation,1.5,1218,0.01462444849171691,0.021073024535692115,0.027762319281351536,0.0064485760439752047
F03,diagnostic_simulation,1.5,1219,0.01461844871873424,0.021464022228609755,0.027944698804612547,0.0068455735098755157
F03,diagnostic_simulation,1.5,1220,0.014612456324032004,0.022213364811209391,0.0277656855354819,0.0076009084871773869
F03,diagnostic_simulation,1.5,1221,0.014606471292500135,0.020964997336378931,0.027672170739075054,0.0063585260438787962
F03,diagnostic_simulation,1.5,1222,0.014600493609071702,0.021366538659062864,0.02780176831555952,0.0067660450499911623
F03,diagnostic_simulation,1.5,1223,0.014594523258723048,0.022164754849168911,0.027789478446811244,0.0075702315904458625
F03,diagnostic_simulation,1.5,1224,0.014588560226473351,0.021875479074045689,0.027563555875396956,0.0072869188475723386
F03,diagnostic_simulation,1.5,1225,0.014582604497384763,0.022126598676217527,0.028580676671248275,0.0075439941788327646
F03,diagnostic_simulation,1.5,1226,0.014576656056561924,0.021100499007350969,0.028244828607589312,0.0065238429507890449
F03,diagnostic_simulation,1.5,1227,0.014570714889152087,0.021458931384309956,0.028223363382450656,0.0068882164951578687
F03,diagnostic_simulation,1.5,1228,0.014564780980344761,0.022034869459902805,0.027997309893382838,0.007470088479558044
F03,diagnostic_simulation,1.5,1229,0.01455885431537174,0.021752294808654159,0.02827299612985025,0.007193440493282419
F03,diagnostic_simulation,1.5,1230,0.014552934879506745,0.022174931203385023,0.028901637688927811,0.0076219963238782773
F03,diagnostic_simulation,1.5,1231,0.014547022658065468,0.022768125773725344,0.028378903448216034,0.0082211031156598762
F03,diagnostic_simulation,1.5,1232,0.014541117636405249,0.022971346660943154,0.029150583871444143,0.0084302290245379056
F03,diagnostic_simulation,1.5,1233,0.014535219799925028,0.023632579691925601,0.029726612038877932,0.0090973598920005734
F03,diagnostic_simulation,1.5,1234,0.014529329134065232,0.022566210570694873,0.029226773068730283,0.0080368814366296414
F03,diagnostic_simulation,1.5,1235,0.014523445624307442,0.023041558551065697,0.029466040272706308,0.0085181129267582548
F03,diagnostic_simulation,1.5,1236,0.014517569256174432,0.02392989099605991,0.028754596104151868,0.0094123217398854788
F03,diagnostic_simulation,1.5,1237,0.014511700015229955,0.024603594384205865,0.029648747488593905,0.010091894368975909
F03,diagnostic_simulation,1.5,1238,0.014505837887078528,0.025150820602055916,0.029471388350332303,0.010644982714977389
F03,diagnostic_simulation,1.5,1239,0.014499982857365413,0.024509879074759013,0.029584606969599431,0.0100098962173936
F03,diagnostic_simulation,1.5,1240,0.014494134911776353,0.024118066415233192,0.029183350978446373,0.0096239315034568392
F03,diagnostic_simulation,1.5,1241,0.014488294036037451,0.023612223699995785,0.028523902315208662,0.0091239296639583339
F03,diagnostic_simulation,1.5,1242,0.014482460215915066,0.023559612421522255,0.029572697241655291,0.0090771522056071891
F03,diagnostic_simulation,1.5,1243,0.014476633437215683,0.023613362923101101,0.029409822492400494,0.0091367294858854184
F03,diagnostic_simulation,1.5,1244,0.014470813685785648,0.023544461479494058,0.029587254199924983,0.0090736477937084104
F03,diagnostic_simulation,1.5,1245,0.014465000947511205,0.023502389813682689,0.029213252600549564,0.0090373888661714839
F03,diagnostic_simulation,1.5,1246,0.014459195208318161,0.02406687671043856,0.029828894955113542,0.0096076815021203989
F03,diagnostic_simulation,1.5,1247,0.014453396454171851,0.023347336305131913,0.029256900704864863,0.0088939398509600611
F03,diagnostic_simulation,1.5,1248,0.014447604671077016,0.023412585857966395,0.029379717343374256,0.0089649811868893793
F03,diagnostic_simulation,1.5,1249,0.014441819845077575,0.023128078345694636,0.028359993962205059,0.0086862585006170605
F03,diagnostic_simulation,1.5,1250,0.014436041962256611,0.022384569978612,0.027237607847276059,0.0079485280163553891
F03,diagnostic_simulation,1.5,1251,0.014430271008736069,0.022969186601403645,0.026488115437787889,0.0085389155926675758
F03,diagnostic_simulation,1.5,1252,0.014424506970676723,0.023384197292366189,0.026677061506071475,0.0089596903216894661
F03,diagnostic_simulation,1.5,1253,0.014418749834277994,0.023349789758941475,0.027694227223505848,0.0089310399246634812
F03,diagnostic_simulation,1.5,1254,0.014412999585777889,0.023308674153857952,0.026917453286574768,0.0088956745680800631
F03,diagnostic_simulation,1.5,1255,0.014407256211452746,0.023275224329120818,0.027345182456252858,0.0088679681176680718
F03,diagnostic_simulation,1.5,1256,0.014401519697617181,0.023648078869093252,0.02719527868692834,0.0092465591714760709
F03,diagnostic_simulation,1.5,1257,0.014395790030623898,0.022718648303671707,0.027530391443126731,0.008322858273047809
F03,diagnostic_simulation,1.5,1258,0.014390067196863601,0.022669863465268357,0.029228937551201459,0.0082797962684047557
F03,diagnostic_simulation,1.5,1259,0.014384351182764842,0.023030262376142748,0.029519963689388345,0.0086459111933779066
F03,diagnostic_simulation,1.5,1260,0.014378641974793847,0.022971895555112618,0.028844816559484409,0.0085932535803187708
F03,diagnostic_simulation,1.5,1261,0.014372939559454446,0.022542672385705467,0.030447098650469639,0.0081697328262510215
F03,diagnostic_simulation,1.5,1262,0.014367243923287884,0.022780414133592962,0.030450424446649468,0.0084131702103050782
F03,diagnostic_simulation,1.5,1263,0.01436155505287269,0.022717254227023045,0.030040372304112176,0.008355699174150355
F03,diagnostic_simulation,1.5,1264,0.014355872934824633,0.022996205151793927,0.030175802188871129,0.0086403322169692938
F03,diagnostic_simulation,1.5,1265,0.014350197555796473,0.022926337497460512,0.029248397862589631,0.0085761399416640384
F03,diagnostic_simulation,1.5,1266,0.014344528902477888,0.022727098490482139,0.029135992939160218,0.0083825695880042506
F03,diagnostic_simulation,1.5,1267,0.014338866961595309,0.022278698390429202,0.029215406102257528,0.0079398314288338934
F03,diagnostic_simulation,1.5,1268,0.014333211719911814,0.022565318388813069,0.029177345969905635,0.008232106668901255
F03,diagnostic_simulation,1.5,1269,0.01432756316422708,0.023177767129851458,0.030199202832943594,0.0088502039656243783
F03,diagnostic_simulation,1.5,1270,0.014321921281377019,0.022779196086999857,0.029985858068408828,0.0084572748056228383
F03,diagnostic_simulation,1.5,1271,0.014316286058233967,0.023380150494685149,0.030468070501555405,0.0090638644364511821
F03,diagnostic_simulation,1.5,1272,0.014310657481706266,0.023914026802416513,0.029541659006567921,0.009603369320710247
F03,diagnostic_simulation,1.5,1273,0.014305035538738308,0.024123992318042253,0.030128855650203592,0.0098189567793039445
F03,diagnostic_simulation,1.5,1274,0.014299420216310348,0.023477210871315213,0.030174278632124289,0.0091777906550048645
F03,diagnostic_simulation,1.5,1275,0.014293811501438387,0.023814634931709024,0.030174226776787827,0.0095208234302706363
F03,diagnostic_simulation,1.5,1276,0.014288209381174068,0.023659475290185077,0.030167716767525155,0.009371265909011009
F03,diagnostic_simulation,1.5,1277,0.014282613842604524,0.024204863014486312,0.03007106283071477,0.0099222491718817876
F03,diagnostic_simulation,1.5,1278,0.014277024872852232,0.024341040994226924,0.029889967773002474,0.010064016121374692
F03,diagnostic_simulation,1.5,1279,0.014271442459074923,0.024550054625955955,0.029803017793705238,0.010278612166881033
F03,diagnostic_simulation,1.5,1280,0.014265866588465466,0.023763340284592743,0.028667992529537684,0.0094974736961272767
F03,diagnostic_simulation,1.5,1281,0.01426029724825174,0.023888017848449187,0.028676787653105024,0.0096277206001974466
F03,diagnostic_simulation,1.5,1282,0.014254734425696466,0.023961903228526961,0.028747215632867765,0.0097071688028304952
F03,diagnostic_simulation,1.5,1283,0.014249178108097166,0.024247587795799299,0.029117630477274458,0.0099984096877021329
F03,diagnostic_simulation,1.5,1284,0.014243628282785933,0.023613240818830025,0.02973549467222894,0.0093696125360440922
F03,diagnostic_simulation,1.5,1285,0.014238084937129383,0.023993805082439174,0.030204385257030751,0.009755720145309791
F03,diagnostic_simulation,1.5,1286,0.014232548058528605,0.023619172116630505,0.029899841878919933,0.0093866240581018997
F03,diagnostic_simulation,1.5,1287,0.014227017634418842,0.022821890921079363,0.029836229512561024,0.0085948732866605211
F03,diagnostic_simulation,1.5,1288,0.014221493652269539,0.023109493360321403,0.029893116390141059,0.0088879997080518643
F03,diagnostic_simulation,1.5,1289,0.014215976099584216,0.024195434245078685,0.029772458660742726,0.009979458145494469
F03,diagnostic_simulation,1.5,1290,0.014210464963900214,0.024899944029993789,0.029629789728909922,0.010689479066093575
F03,diagnostic_simulation,1.5,1291,0.014204960232788718,0.024272291290496947,0.029540405507882631,0.010067331057708229
F03,diagnostic_simulation,1.5,1292,0.014199461893854607,0.024581946851087975,0.029563042303268498,0.010382484957233368
F03,diagnostic_simulation,1.5,1293,0.014193969934736273,0.024472783313079113,0.030295742106003595,0.010278813378342839
F03,diagnostic_simulation,1.5,1294,0.01418848434310559,0.024476710753306492,0.030128140881974092,0.010288226410200902
F03,diagnostic_simulation,1.5,1295,0.014183005106667727,0.024719282036733892,0.030206422589881061,0.010536276930066165
F03,diagnostic_simulation,1.5,1296,0.01417753221316108,0.024652287922468256,0.029374744298052053,0.010474755709307176
F03,diagnostic_simulation,1.5,1297,0.014172065650357158,0.024542164563901445,0.029317080320127531,0.010370098913544287
F03,diagnostic_simulation,1.5,1298,0.014166605406060365,0.023964331444607162,0.028944430004393024,0.0097977260385467974
F03,diagnostic_simulation,1.5,1299,0.014161151468108106,0.02348712837125496,0.029038059438747123,0.0093259769031468539
F03,diagnostic_simulation,1.5,1300,0.014155703824370454,0.023809249973164033,0.029893643815906475,0.0096535461487935788
F03,diagnostic_simulation,1.5,1301,0.014150262462750123,0.024906744670165584,0.030368076633986687,0.010756482207415461
F03,diagnostic_simulation,1.5,1302,0.014144827371182323,0.024506214489997777,0.030786819962887419,0.010361387118815454
F03,diagnostic_simulation,1.5,1303,0.01413939853763475,0.025079454533604762,0.030772161392291567,0.010940055995970012
F03,diagnostic_simulation,1.5,1304,0.014133975950107382,0.024774766140162552,0.031388541613343965,0.01064079019005517
F03,diagnostic_simulation,1.5,1305,0.014128559596632334,0.02485824589114358,0.030396563020037643,0.010729686294511246
F03,diagnostic_simulation,1.5,1306,0.014123149465273894,0.024386784134213572,0.030238025626508829,0.010263634668939679
F03,diagnostic_simulation,1.5,1307,0.014117745544128217,0.023833850258973995,0.029660654956686964,0.0097161047148457778
F03,diagnostic_simulation,1.5,1308,0.014112347821323401,0.023342253369933598,0.029289591671607329,0.0092299055486101973
F03,diagnostic_simulation,1.5,1309,0.014106956285019222,0.022849694251154944,0.029663239551963705,0.0087427379661357222
F03,diagnostic_simulation,1.5,1310,0.014101570923407143,0.023372144735732306,0.029004346745088502,0.0092705738123251627
F03,diagnostic_simulation,1.5,1311,0.014096191724710163,0.023726867382578124,0.029962853887900757,0.0096306756578679615
F03,diagnostic_simulation,1.5,1312,0.014090818677182669,0.023811303827751193,0.029461048910343117,0.0097204851505685239
F03,diagnostic_simulation,1.5,1313,0.014085451769110397,0.023383915255471937,0.030648433435654109,0.0092984634863615395
F03,diagnostic_simulation,1.5,1314,0.014080090988810258,0.023333205536172984,0.030044941478024233,0.0092531145473627261
F03,diagnostic_simulation,1.5,1315,0.014074736324630266,0.023875796019614384,0.030244768187858057,0.009801059694984118
F03,diagnostic_simulation,1.5,1316,0.014069387764949499,0.023342010827058439,0.029408085818061602,0.0092726230621089402
F03,diagnostic_simulation,1.5,1317,0.014064045298177853,0.02309289299037293,0.030141459659784542,0.0090288476921950769
F03,diagnostic_simulation,1.5,1318,0.014058708912755985,0.023545390413532388,0.028963290317915041,0.0094866815007764033
F03,diagnostic_simulation,1.5,1319,0.014053378597155327,0.024733058564171375,0.02937819930781662,0.010679679967016048
F03,diagnostic_simulation,1.5,1320,0.014048054339877806,0.024457105174370455,0.029605300898063604,0.01040905083449265
F03,diagnostic_simulation,1.5,1321,0.014042736129455863,0.024115012863129403,0.029413663708595494,0.01007227673367354
F03,diagnostic_simulation,1.5,1322,0.014037423954452248,0.023950241927444771,0.029445187707250662,0.0099128179729925225
F03,diagnostic_simulation,1.5,1323,0.014032117803460049,0.023958960359786976,0.029661507550759667,0.0099268425563269272
F03,diagnostic_simulation,1.5,1324,0.01402681766510246,0.02438846714209033,0.029046243486979918,0.01036164947698787
F03,diagnostic_simulation,1.5,1325,0.014021523528032749,0.024591766704112811,0.029260817848462531,0.010570243176080062
F03,diagnostic_simulation,1.5,1326,0.014016235380934126,0.023279643276154255,0.029931746072998786,0.0092634078952201285
F03,diagnostic_simulation,1.5,1327,0.014010953212519718,0.023750369032693421,0.02963850884053108,0.0097394158201737028
F03,diagnostic_simulation,1.5,1328,0.014005677011532321,0.024346665848720937,0.02967069494331203,0.010340988837188616
F03,diagnostic_simulation,1.5,1329,0.014000406766744418,0.023996894350401626,0.028852348164135618,0.0099964875836572077
F03,diagnostic_simulation,1.5,1330,0.013995142466958009,0.024049705920694438,0.030237984800547985,0.010054563453736429
F03,diagnostic_simulation,1.5,1331,0.013989884101004629,0.02401337356650167,0.029532649690369971,0.01002348946549704
F03,diagnostic_simulation,1.5,1332,0.013984631657745118,0.023313727895955701,0.029261285598855279,0.0093290962382105835
F03,diagnostic_simulation,1.5,1333,0.013979385126069563,0.023038713857927766,0.028525215740542276,0.0090593287318582027
F03,diagnostic_simulation,1.5,1334,0.013974144494897174,0.023439477013918179,0.028601973264554499,0.0094653325190210049
F03,diagnostic_simulation,1.5,1335,0.013968909753176285,0.023214306254768818,0.029236450480703075,0.0092453965015925326
F03,diagnostic_simulation,1.5,1336,0.013963680889884141,0.023150171773871967,0.029074741911067369,0.0091864908839878259
F03,diagnostic_simulation,1.5,1337,0.01395845789402687,0.023025647317748376,0.028966506037774117,0.0090671894237215056
F03,diagnostic_simulation,1.5,1338,0.013953240754639376,0.023900907187718073,0.028507607004089358,0.009947666433078697
F03,diagnostic_simulation,1.5,1339,0.013948029460785171,0.02379651463737275,0.028739729739700067,0.0098484851765875785
F03,diagnostic_simulation,1.5,1340,0.0139428240015564,0.023546417999723932,0.029369776105690588,0.0096035939981675318
F03,diagnostic_simulation,1.5,1341,0.013937624366073672,0.022950272811279007,0.029642176235987597,0.0090126484452053342
F03,diagnostic_simulation,1.5,1342,0.01393243054348592,0.022785484773889766,0.028997117129753648,0.0088530542304038461
F03,diagnostic_simulation,1.5,1343,0.013927242522970439,0.023911909846971446,0.029526397110709385,0.0099846673240010075
F03,diagnostic_simulation,1.5,1344,0.013922060293732656,0.024044286809815952,0.029532207291019692,0.010122226516083296
F03,diagnostic_simulation,1.5,1345,0.013916883845006158,0.023085786371880263,0.02954647303031183,0.0091689025268741047
F03,diagnostic_simulation,1.5,1346,0.013911713166052471,0.023447265699890335,0.028932002130071469,0.0095355525338378638
F03,diagnostic_simulation,1.5,1347,0.013906548246161001,0.023933365797919454,0.029451513590773068,0.010026817551758454
F03,diagnostic_simulation,1.5,1348,0.013901389074649084,0.023669841561987145,0.029309503016316425,0.0097684524873380609
F03,diagnostic_simulation,1.5,1349,0.01389623564086166,0.023506010467992101,0.030062996116146181,0.0096097748271304403
F03,diagnostic_simulation,1.5,1350,0.013891087934171376,0.022901217052539551,0.030366039485947082,0.009010129118368175
F03,diagnostic_simulation,1.5,1351,0.013885945943978368,0.022036634418868602,0.030476240352526014,0.0081506884748902345
F03,diagnostic_simulation,1.5,1352,0.013880809659710296,0.022586965857848404,0.029952338316116874,0.008706156198138108
F03,diagnostic_simulation,1.5,1353,0.01387567907082202,0.023047191045703262,0.030441302859819899,0.009171511974881242
F03,diagnostic_simulation,1.5,1354,0.01387055416679585,0.022739560565972622,0.03012679528473531,0.008869006399176772
F03,diagnostic_simulation,1.5,1355,0.013865434937141104,0.022590101576370175,0.029325215465037781,0.0087246666392290714
F03,diagnostic_simulation,1.5,1356,0.013860321371394294,0.022924751138856087,0.029564364039815536,0.0090644297674617926
F03,diagnostic_simulation,1.5,1357,0.013855213459118889,0.023176001871258921,0.030344978445641671,0.0093207884121400322
F03,diagnostic_simulation,1.5,1358,0.013850111189905248,0.022850152999010678,0.030429423912957106,0.0090000418091054305
F03,diagnostic_simulation,1.5,1359,0.013845014553370541,0.022822439940947521,0.030441497083554231,0.0089774253875769799
F03,diagnostic_simulation,1.5,1360,0.013839923539158699,0.022030684397815817,0.029944090540882505,0.0081907608586571177
F03,diagnostic_simulation,1.5,1361,0.013834838136940286,0.02311787961638604,0.030063382969597145,0.0092830414794457545
F03,diagnostic_simulation,1.5,1362,0.013829758336412363,0.022822702487134847,0.029915368029068138,0.0089929441507224841
F03,diagnostic_simulation,1.5,1363,0.013824684127298498,0.023306912696860582,0.029907540650944985,0.0094822285695620838
F03,diagnostic_simulation,1.5,1364,0.013819615499348618,0.022882314594677509,0.029868175271292846,0.0090626990953288911
F03,diagnostic_simulation,1.5,1365,0.013814552442338951,0.023564972639668072,0.030539377684417227,0.009750420197329121
F03,diagnostic_simulation,1.5,1366,0.013809494946071883,0.023264999348104522,0.029677338882354427,0.0094555044020326398
F03,diagnostic_simulation,1.5,1367,0.013804443000376003,0.022797255892966023,0.030054637565180734,0.0089928128925900203
F03,diagnostic_simulation,1.5,1368,0.013799396595105842,0.022254732030554957,0.029690994607103786,0.0084553354354491156
F03,diagnostic_simulation,1.5,1369,0.013794355720141909,0.022152238519796755,0.030552156977037,0.0083578827996548463
F03,diagnostic_simulation,1.5,1370,0.013789320365390548,0.022647004686049989,0.030582842592721381,0.0088576843206594411
F03,diagnostic_simulation,1.5,1371,0.013784290520783919,0.022036407143377575,0.030352804487764687,0.0082521166225936558
F03,diagnostic_simulation,1.5,1372,0.013779266176279803,0.021585906462350254,0.030150113389968022,0.0078066402860704504
F03,diagnostic_simulation,1.5,1373,0.013774247321861647,0.022039452239704566,0.029597412335631297,0.0082652049178429197
F03,diagnostic_simulation,1.5,1374,0.013769233947538435,0.021110557195996475,0.029557449256582772,0.0073413232484580392
F03,diagnostic_simulation,1.5,1375,0.013764226043344492,0.02103777672959593,0.029435049322308064,0.0072735506862514378
F03,diagnostic_simulation,1.5,1376,0.013759223599339556,0.021742506749294392,0.02941095531741816,0.0079832831499548357
F03,diagnostic_simulation,1.5,1377,0.013754226605608686,0.021301583405875738,0.030599397157362172,0.0075473568002670521
F03,diagnostic_simulation,1.5,1378,0.013749235052261995,0.022390764133360948,0.029795358942016122,0.0086415290810989524
F03,diagnostic_simulation,1.5,1379,0.013744248929434853,0.022230744156616109,0.030001477487586536,0.0084864952271812566
F03,diagnostic_simulation,1.5,1380,0.013739268227287545,0.022034291543311192,0.029668004934072952,0.0082950233160236468
F03,diagnostic_simulation,1.5,1381,0.01373429293600536,0.022085188466155092,0.030097520116612531,0.0083508955301497319
F03,diagnostic_simulation,1.5,1382,0.01372932304579837,0.021783273636496112,0.031029692476151394,0.0080539505906977414
F03,diagnostic_simulation,1.5,1383,0.01372435854690154,0.021799655623348586,0.030390690911106868,0.0080752970764470453
F03,diagnostic_simulation,1.5,1384,0.013719399429574439,0.02095029912563277,0.030385946620503,0.0072308996960583315
F03,diagnostic_simulation,1.5,1385,0.013714445684101335,0.021127746309810975,0.029239137228614907,0.0074133006257096398
F03,diagnostic_simulation,1.5,1386,0.013709497300790938,0.022144095291419631,0.028991194486844854,0.0084345979906286922
F03,diagnostic_simulation,1.5,1387,0.013704554269976474,0.021704115325763065,0.0285909326085249,0.0079995610557865911
F03,diagnostic_simulation,1.5,1388,0.013699616582015583,0.022306294006657564,0.028203350847853755,0.0086066774246419814
F03,diagnostic_simulation,1.5,1389,0.013694684227290151,0.02164483902513854,0.028848628027919734,0.007950154797848389
F03,diagnostic_simulation,1.5,1390,0.013689757196206293,0.022766668967686018,0.028962532026791703,0.0090769117714797256
F03,diagnostic_simulation,1.5,1391,0.013684835479194295,0.023245178387209353,0.029199098581263485,0.0095603429080150584
F03,diagnostic_simulation,1.5,1392,0.013679919066708483,0.022926957415475242,0.029944560172282704,0.0092470383487667594
F03,diagnostic_simulation,1.5,1393,0.01367500794922717,0.023071819475284853,0.030916932380487858,0.0093968115260576832
F03,diagnostic_simulation,1.5,1394,0.01367010211725264,0.022754554170661558,0.03014968631988901,0.0090844520534089177
F03,diagnostic_simulation,1.5,1395,0.013665201561310906,0.022897499127513432,0.030015442674683378,0.0092322975662025263
F03,diagnostic_simulation,1.5,1396,0.013660306271951845,0.022541879515854391,0.031062356021018291,0.008881573243902546
F03,diagnostic_simulation,1.5,1397,0.013655416239748938,0.023711682205356154,0.030079168730123531,0.010056265965607216
F03,diagnostic_simulation,1.5,1398,0.013650531455299292,0.022873792886563941,0.030004762384611125,0.009223261431264649
F03,diagnostic_simulation,1.5,1399,0.013645651909223538,0.023342729486663216,0.029679507284641068,0.0096970775774396778
F03,diagnostic_simulation,1.5,1400,0.013640777592165832,0.023085861994906882,0.029037080541682622,0.00944508440274105
F03,diagnostic_simulation,1.5,1401,0.01363590849479355,0.022636274032284666,0.029938036615919681,0.0090003655374911156
F03,diagnostic_simulation,1.5,1402,0.013631044607797509,0.021641124176388919,0.029398882439052431,0.0080100795685914099
F03,diagnostic_simulation,1.5,1403,0.013626185921891749,0.021515603606644146,0.029419166954486098,0.0078894176847523964
F03,diagnostic_simulation,1.5,1404,0.013621332427813338,0.02178990565314106,0.029270286367161297,0.0081685732253277219
F03,diagnostic_simulation,1.5,1405,0.013616484116322582,0.021560832863514859,0.029373108431213935,0.0079443487471922772
F03,diagnostic_simulation,1.5,1406,0.01361164097820265,0.021767061187859076,0.02968722229042953,0.0081554202096564259
F03,diagnostic_simulation,1.5,1407,0.013606803004259784,0.0220049321730326,0.029797252840519282,0.0083981291687728159
F03,diagnostic_simulation,1.5,1408,0.013601970185322934,0.021861192930780565,0.03023261681840975,0.0082592227454576315
F03,diagnostic_simulation,1.5,1409,0.013597142512243964,0.021822923658120313,0.029643773050096939,0.0082257811458763489
F03,diagnostic_simulation,1.5,1410,0.013592319975897387,0.020735692314772906,0.028875891711645028,0.0071433723388755182
F03,diagnostic_simulation,1.5,1411,0.013587502567180349,0.019986921486731639,0.029271971494728641,0.0063994189195512897
F03,diagnostic_simulation,1.5,1412,0.013582690277012593,0.020196025037202955,0.029322222970648987,0.0066133347601903623
F03,diagnostic_simulation,1.5,1413,0.013577883096336339,0.021812711185091149,0.029229211915413549,0.0082348280887548104
F03,diagnostic_simulation,1.5,1414,0.013573081016116213,0.021691980209412032,0.029449628835822233,0.0081188991932958192
F03,diagnostic_simulation,1.5,1415,0.013568284027339261,0.021238527359825718,0.02900624784807343,0.007670243332486457
F03,diagnostic_simulation,1.5,1416,0.013563492121014769,0.021484075358227734,0.028670492319753785,0.0079205832372129647
F03,diagnostic_simulation,1.5,1417,0.01355870528817419,0.02168168237275004,0.028787616306721719,0.0081229770845758498
F03,diagnostic_simulation,1.5,1418,0.013553923519871176,0.021614645259774627,0.028838914066199088,0.0080607217399034509
F03,diagnostic_simulation,1.5,1419,0.013549146807181446,0.021101735545114578,0.029126536720055322,0.007552588737933132
F03,diagnostic_simulation,1.5,1420,0.01354437514120274,0.021209209739034385,0.028517586547180195,0.0076648345978316459
F03,diagnostic_simulation,1.5,1421,0.013539608513054621,0.021019434418904359,0.027616679618096749,0.0074798259058497379
F03,diagnostic_simulation,1.5,1422,0.013534846913878618,0.021427037227391629,0.027590604785363886,0.007892190313513011
F03,diagnostic_simulation,1.5,1423,0.013530090334838069,0.02128712301655793,0.027801796261857557,0.0077570326817198616
F03,diagnostic_simulation,1.5,1424,0.01352533876711793,0.021249808223381406,0.027754052917468627,0.0077244694562634761
F03,diagnostic_simulation,1.5,1425,0.013520592201924865,0.021346737291873624,0.028571886700123422,0.0078261450899487581
F03,diagnostic_simulation,1.5,1426,0.013515850630487191,0.021797497679485113,0.028049826983326601,0.0082816470489979217
F03,diagnostic_simulation,1.5,1427,0.01351111404405462,0.0214312837291009,0.028069926566604612,0.0079201696850462796
F03,diagnostic_simulation,1.5,1428,0.013506382433898402,0.022403688304515258,0.028482324283787833,0.0088973058706168558
F03,diagnostic_simulation,1.5,1429,0.013501655791311146,0.022342404541357424,0.029096380882485458,0.0088407487500462775
F03,diagnostic_simulation,1.5,1430,0.013496934107606754,0.022845915447578573,0.028334874821370343,0.0093489813399718191
F03,diagnostic_simulation,1.5,1431,0.013492217374120433,0.022192986157192007,0.028328465964458236,0.0087007687830715739
F03,diagnostic_simulation,1.5,1432,0.013487505582208513,0.021731834361287554,0.028896993935029536,0.0082443287790790413
F03,diagnostic_simulation,1.5,1433,0.013482798723248446,0.02158712137194058,0.029000824543677237,0.0081043226486921336
F03,diagnostic_simulation,1.5,1434,0.013478096788638771,0.021085689079820488,0.028395002057912132,0.0076075922911817175
F03,diagnostic_simulation,1.5,1435,0.013473399769798992,0.02089782094212321,0.028780805669714974,0.0074244211723242179
F03,diagnostic_simulation,1.5,1436,0.013468707658169493,0.021208593522254779,0.029760058676431337,0.0077398858640852861
F03,diagnostic_simulation,1.5,1437,0.01346402044521159,0.020353308503415716,0.029441486849621279,0.0068892880582041259
F03,diagnostic_simulation,1.5,1438,0.013459338122407299,0.021412050355572941,0.029321183429979292,0.007952712233165642
F03,diagnostic_simulation,1.5,1439,0.013454660681259403,0.021999002704205902,0.028706472275362164,0.0085443420229464988
F03,diagnostic_simulation,1.5,1440,0.01344998811329136,0.02218032711427519,0.029161021185070954,0.0087303390009838295
F03,diagnostic_simulation,1.5,1441,0.013445320410047146,0.021598332201777502,0.029191597288996878,0.0081530117917303566
F03,diagnostic_simulation,1.5,1442,0.013440657563091344,0.021456490552431512,0.029347232989150866,0.0080158329893401676
F03,diagnostic_simulation,1.5,1443,0.013435999564008981,0.021227383094042596,0.029526946365613174,0.0077913835300336149
F03,diagnostic_simulation,1.5,1444,0.013431346404405449,0.02160433448408132,0.029880816142087027,0.0081729880796758709
F03,diagnostic_simulation,1.5,1445,0.013426698075906523,0.022240208056033967,0.029393702925687104,0.0088135099801274434
F03,diagnostic_simulation,1.5,1446,0.013422054570158206,0.021646694642843443,0.030313034919626853,0.0082246400726852364
F03,diagnostic_simulation,1.5,1447,0.013417415878826748,0.021189350088416818,0.029944560010714737,0.0077719342095900704
F03,diagnostic_simulation,1.5,1448,0.013412781993598497,0.021665081167336672,0.029777871405882953,0.0082522991737381743
F03,diagnostic_simulation,1.5,1449,0.013408152906179983,0.021469533362741901,0.02959573799181173,0.0080613804565619184
F03,diagnostic_simulation,1.5,1450,0.013403528608297643,0.021022731631721484,0.030129317738593443,0.0076192030234238407
F03,diagnostic_simulation,1.5,1451,0.013398909091697955,0.019840386968579898,0.029658987369920731,0.0064414778768819431
F03,diagnostic_simulation,1.5,1452,0.01339429434814725,0.020440788363279273,0.03034849020773385,0.0070464940151320227
F03,diagnostic_simulation,1.5,1453,0.013389684369431725,0.020791857026134394,0.030237366386459359,0.0074021726567026682
F03,diagnostic_simulation,1.5,1454,0.013385079147357334,0.022051095170509037,0.0301663646227362,0.0086660160231517031
F03,diagnostic_simulation,1.5,1455,0.01338047867374976,0.02142399564231709,0.03059406785328873,0.0080435169685673293
F03,diagnostic_simulation,1.5,1456,0.01337588294045431,0.021352152764991097,0.030532322392274082,0.0079762698245367872
F03,diagnostic_simulation,1.5,1457,0.013371291939335919,0.020035521525814486,0.029860703016523719,0.0066642295864785678
F03,diagnostic_simulation,1.5,1458,0.013366705662279033,0.020954328195606973,0.030073281381422731,0.0075876225333279396
F03,diagnostic_simulation,1.5,1459,0.013362124101187586,0.020872892571494328,0.029967912943457201,0.0075107684703067425
F03,diagnostic_simulation,1.5,1460,0.013357547247984908,0.020685964616163635,0.030789855550510236,0.0073284173681787274
F03,diagnostic_simulation,1.5,1461,0.013352975094613686,0.020397379192352395,0.030902703143030289,0.0070444040977387084
F03,diagnostic_simulation,1.5,1462,0.013348407633035887,0.02079161583845452,0.030693218941859723,0.0074432082054186333
F03,diagnostic_simulation,1.5,1463,0.013343844855232741,0.020971033562093132,0.029809709784013361,0.0076271887068603914
F03,diagnostic_simulation,1.5,1464,0.013339286753204645,0.021547491176921892,0.030571289813714351,0.0082082044237172472
F03,diagnostic_simulation,1.5,1465,0.013334733318971085,0.021868850195067492,0.029640541554521862,0.0085341168760964068
F03,diagnostic_simulation,1.5,1466,0.013330184544570585,0.021660822930972309,0.029330683253542982,0.0083306383864017244
F03,diagnostic_simulation,1.5,1467,0.01332564042206078,0.021853673319855604,0.029446372587941201,0.0085280328977948242
F03,diagnostic_simulation,1.5,1468,0.01332110094351807,0.02126202642360631,0.030454039561073665,0.0079409254800882397
F03,diagnostic_simulation,1.5,1469,0.013316566101037916,0.02176560851635178,0.029431184143008951,0.0084490424153138635
F03,diagnostic_simulation,1.5,1470,0.01331203588673446,0.021533601356483575,0.029614201620312915,0.0082215654697491147
F03,diagnostic_simulation,1.5,1471,0.013307510292740715,0.021132798563717761,0.029367350141043861,0.007825288270977046
F03,diagnostic_simulation,1.5,1472,0.013302989311208305,0.021009160937883624,0.029257513017525154,0.0077061716266753188
F03,diagnostic_simulation,1.5,1473,0.013298472934307623,0.0204357216568011,0.028800972069964001,0.0071372487224934771
F03,diagnostic_simulation,1.5,1474,0.013293961154227514,0.020817508727509877,0.029411042675772936,0.0075235475732823628
F03,diagnostic_simulation,1.5,1475,0.013289453963175485,0.020667014489640118,0.029262024929136037,0.0073775605264646323
F03,diagnostic_simulation,1.5,1476,0.013284951353377471,0.020887680881427714,0.028368552432147899,0.0076027295280502432
F03,diagnostic_simulation,1.5,1477,0.013280453317077839,0.020935714915965586,0.028939842966217738,0.0076552615988877467
F03,diagnostic_simulation,1.5,1478,0.013275959846539325,0.021765400934529243,0.029396793539511988,0.0084894410879899178
F03,diagnostic_simulation,1.5,1479,0.013271470934042942,0.021923733527707975,0.028637940349089328,0.0086522625936650329
F03,diagnostic_simulation,1.5,1480,0.013266986571888063,0.022036990148236811,0.02854937942747016,0.0087700035763487484
F03,diagnostic_simulation,1.5,1481,0.013262506752392135,0.021297614160813005,0.028813955029154677,0.0080351074084208697
F03,diagnostic_simulation,1.5,1482,0.013258031467890823,0.021860685485417895,0.02846920693221543,0.0086026540175270713
F03,diagnostic_simulation,1.5,1483,0.013253560710737897,0.021307368574508656,0.029053063318349306,0.0080538078637707594
F03,diagnostic_simulation,1.5,1484,0.013249094473305131,0.021287309138341134,0.028719644555482957,0.0080382146650360038
F03,diagnostic_simulation,1.5,1485,0.013244632747982271,0.020189212726205504,0.028184811213279141,0.0069445799782232327
F03,diagnostic_simulation,1.5,1486,0.013240175527177019,0.020089542619064059,0.028846431096996625,0.0068493670918870399
F03,diagnostic_simulation,1.5,1487,0.013235722803314941,0.020781141500132355,0.028934263782063339,0.0075454186968174145
F03,diagnostic_simulation,1.5,1488,0.013231274568839435,0.020640230802283464,0.028987981573180055,0.0074089562334440293
F03,diagnostic_simulation,1.5,1489,0.013226830816211607,0.020920373674013538,0.028940749708473105,0.0076935428578019313
F03,diagnostic_simulation,1.5,1490,0.013222391537910378,0.021457564434077363,0.029389286082680915,0.008235172896166985
F03,diagnostic_simulation,1.5,1491,0.013217956726432204,0.021213068715878962,0.02989632845152557,0.0079951119894467581
F03,diagnostic_simulation,1.5,1492,0.013213526374291238,0.022302725473044519,0.029540166353934676,0.0090891990987532808
F03,diagnostic_simulation,1.5,1493,0.013209100474019181,0.02172732888038028,0.029543652511312659,0.0085182284063610985
F03,diagnostic_simulation,1.5,1494,0.013204679018165182,0.021427201227699973,0.030332828050188346,0.0082225222095347918
F03,diagnostic_simulation,1.5,1495,0.013200261999295854,0.021865612375263278,0.030443946093576587,0.0086653503759674243
F03,diagnostic_simulation,1.5,1496,0.013195849409995226,0.022800865535127834,0.03042196362433466,0.0096050161251326083
F03,diagnostic_simulation,1.5,1497,0.013191441242864643,0.021494588466393239,0.029889429496051018,0.0083031472235285952
F03,diagnostic_simulation,1.5,1498,0.013187037490522763,0.021501385020295721,0.029046275696890608,0.0083143475297729579
F03,diagnostic_simulation,1.5,1499,0.013182638145605484,0.021195495789291946,0.028704724003161385,0.0080128576436864617
F03,diagnostic_simulation,1.5,1500,0.013178243200765846,0.02145742852319639,0.028844964368271376,0.0082791853224305437
F03,diagnostic_simulation,1.5,1501,0.013173852648674053,0.021905441542646453,0.029747141496992809,0.0087315888939723998
F03,diagnostic_simulation,1.5,1502,0.013169466482017396,0.021394287950522166,0.030550176208524345,0.0082248214685047699
F03,diagnostic_simulation,1.5,1503,0.013165084693500232,0.021787631262924868,0.030461082723912885,0.0086225465694246359
F03,diagnostic_simulation,1.5,1504,0.0131607072758438,0.021214126764886435,0.029670249781383634,0.0080534194890426354
F03,diagnostic_simulation,1.5,1505,0.013156334221786373,0.021766696465225849,0.029289250170481358,0.0086103622434394768
F03,diagnostic_simulation,1.5,1506,0.013151965524083041,0.020801840100062155,0.030621213353029881,0.0076498745759791143
F03,diagnostic_simulation,1.5,1507,0.013147601175505728,0.020978410586371087,0.030376548521785975,0.0078308094108653584
F03,diagnostic_simulation,1.5,1508,0.01314324116884317,0.021364086311944627,0.029981323425670448,0.008220845143101457
F03,diagnostic_simulation,1.5,1509,0.013138885496900825,0.021112858979031982,0.03016454581368962,0.0079739734821311567
F03,diagnostic_simulation,1.5,1510,0.013134534152500781,0.021493742182524155,0.029774441867372176,0.0083592080300233743
F03,diagnostic_simulation,1.5,1511,0.013130187128481819,0.020348536064120817,0.030088539546225236,0.007218348935638998
F03,diagnostic_simulation,1.5,1512,0.013125844417699262,0.019830642438380557,0.029378421608966351,0.0067047980206812949
F03,diagnostic_simulation,1.5,1513,0.013121506013024968,0.020030234315948602,0.028872148384181007,0.0069087283029236335
F03,diagnostic_simulation,1.5,1514,0.013117171907347302,0.020938687027587,0.029187195727558103,0.0078215151202396978
F03,diagnostic_simulation,1.5,1515,0.013112842093571008,0.020189618192910225,0.029317310729251003,0.0070767760993392173
F03,diagnostic_simulation,1.5,1516,0.013108516564617272,0.019646776248139108,0.028656340102912514,0.0065382596835218357
F03,diagnostic_simulation,1.5,1517,0.013104195313423574,0.019553806781338848,0.029020560590076461,0.0064496114679152734
F03,diagnostic_simulation,1.5,1518,0.013099878332943722,0.020113112275828196,0.029572106696774802,0.0070132339428844743
F03,diagnostic_simulation,1.5,1519,0.013095565616147699,0.020005755395683455,0.029202142559590742,0.006910189779535756
F03,diagnostic_simulation,1.5,1520,0.013091257156021743,0.020169861563017987,0.029036526705345456,0.0070786044069962445
F03,diagnostic_simulation,1.5,1521,0.013086952945568185,0.019753628804825358,0.028311996482576117,0.0066666758592571727
F03,diagnostic_simulation,1.5,1522,0.013082652977805502,0.020713907498215806,0.029495156460963626,0.0076312545204103039
F03,diagnostic_simulation,1.5,1523,0.013078357245768137,0.021054519781598564,0.029758050383046915,0.0079761625358304271
F03,diagnostic_simulation,1.5,1524,0.013074065742506649,0.021107359373800934,0.028407376083144972,0.0080332936312942846
F03,diagnostic_simulation,1.5,1525,0.013069778461087426,0.021171710427865961,0.029463216944484543,0.0081019319667785354
F03,diagnostic_simulation,1.5,1526,0.013065495394592824,0.020802477188835766,0.029530914378870326,0.0077369817942429427
F03,diagnostic_simulation,1.5,1527,0.013061216536121115,0.021633277951937133,0.029918594448029474,0.0085720614158160176
F03,diagnostic_simulation,1.5,1528,0.013056941878786248,0.021882770052491021,0.029837900757864026,0.0088258281737047736
F03,diagnostic_simulation,1.5,1529,0.013052671415717995,0.021446386432093317,0.029813878821371452,0.0083937150163753225
F03,diagnostic_simulation,1.5,1530,0.013048405140061951,0.021052207479260513,0.029382532164205478,0.0080038023391985624
F03,diagnostic_simulation,1.5,1531,0.013044143044979233,0.020457536653965838,0.029870801914957421,0.007413393608986605
F03,diagnostic_simulation,1.5,1532,0.013039885123646624,0.021218324559114696,0.029183666135106021,0.0081784394354680722
F03,diagnostic_simulation,1.5,1533,0.013035631369256543,0.020427955842232295,0.029075614471765036,0.0073923244729757528
F03,diagnostic_simulation,1.5,1534,0.013031381775016919,0.020087487049614362,0.028851803105566978,0.0070561052745974438
F03,diagnostic_simulation,1.5,1535,0.013027136334151149,0.020437705528205091,0.029029152517334067,0.0074105691940539418
F03,diagnostic_simulation,1.5,1536,0.013022895039898064,0.02039269707760314,0.029670917046673524,0.0073698020377050769
F03,diagnostic_simulation,1.5,1537,0.013018657885511944,0.021226406044350297,0.02891875387781926,0.008207748158838353
F03,diagnostic_simulation,1.5,1538,0.013014424864262351,0.020003376744971338,0.028997542431390501,0.0069889518807089868
F03,diagnostic_simulation,1.5,1539,0.013010195969434264,0.02083325339114752,0.027508977222653663,0.0078230574217132559
F03,diagnostic_simulation,1.5,1540,0.01300597119432779,0.02011576952003806,0.028388138939079901,0.00710979832571027
F03,diagnostic_simulation,1.5,1541,0.013001750532258367,0.020809430436334195,0.029411019393676577,0.0078076799040758278
F03,diagnostic_simulation,1.5,1542,0.012997533976556572,0.021157742457847597,0.029140552945845142,0.0081602084812910248
F03,diagnostic_simulation,1.5,1543,0.012993321520568086,0.020972674701938979,0.030226506174927247,0.0079793531813708938
F03,diagnostic_simulation,1.5,1544,0.01298911315765372,0.021475441289332306,0.030752302932591305,0.008486328131678586
F03,diagnostic_simulation,1.5,1545,0.012984908881189297,0.021725908387983071,0.030130887307231697,0.0087409995067937746
F03,diagnostic_simulation,1.5,1546,0.012980708684565641,0.02133074697426687,0.030888283723264652,0.0083500382897012289
F03,diagnostic_simulation,1.5,1547,0.012976512561188543,0.020966281269546465,0.030676211263698211,0.0079897687083579222
F03,diagnostic_simulation,1.5,1548,0.012972320504478666,0.021086279144729773,0.030916104561124674,0.0081139586402511066
F03,diagnostic_simulation,1.5,1549,0.012968132507871637,0.020659452406991692,0.030566548488485803,0.0076913198991200547
F03,diagnostic_simulation,1.5,1550,0.012963948564817834,0.021131530273145193,0.030128406507388076,0.0081675817083273587
F03,diagnostic_simulation,1.5,1551,0.012959768668782401,0.021003058409090038,0.030490323347252265,0.0080432897403076367
F03,diagnostic_simulation,1.5,1552,0.012955592813245279,0.021096196352919504,0.030623742217772917,0.0081406035396742252
F03,diagnostic_simulation,1.5,1553,0.012951420991701058,0.021409027940335619,0.030725569531775625,0.008457606948634561
F03,diagnostic_simulation,1.5,1554,0.012947253197659018,0.021307417782723818,0.030714624581803445,0.0083601645850648002
F03,diagnostic_simulation,1.5,1555,0.012943089424643032,0.021287352881357233,0.030797543646891946,0.0083442634567142005
F03,diagnostic_simulation,1.5,1556,0.01293892966619155,0.021843868482048286,0.031222601898061381,0.0089049388158567357
F03,diagnostic_simulation,1.5,1557,0.012934773915857517,0.021532156247241804,0.030499239935456467,0.008597382331384287
F03,diagnostic_simulation,1.5,1558,0.012930622167208423,0.021687657817380825,0.030306474514100835,0.0087570356501724018
F03,diagnostic_simulation,1.5,1559,0.012926474413826166,0.022805418577431541,0.029191522401883132,0.0098789441636053747
F03,diagnostic_simulation,1.5,1560,0.012922330649307041,0.02296380437785896,0.029363541789371572,0.010041473728551919
F03,diagnostic_simulation,1.5,1561,0.012918190867261724,0.022027530575670702,0.029376924849472439,0.0091093397084089783
F03,diagnostic_simulation,1.5,1562,0.012914055061315164,0.021986361298938526,0.029794740457282039,0.0090723062376233624
F03,diagnostic_simulation,1.5,1563,0.012909923225106668,0.021579662369858123,0.029972664910579903,0.0086697391447514548
F03,diagnostic_simulation,1.5,1564,0.012905795352289707,0.022018190191112133,0.029407517376105412,0.0091123948388224258
F03,diagnostic_simulation,1.5,1565,0.012901671436531996,0.020851641920492443,0.029794943896263491,0.007949970483960447
F03,diagnostic_simulation,1.5,1566,0.012897551471515339,0.021231646570316752,0.02976017270061266,0.0083340950988014129
F03,diagnostic_simulation,1.5,1567,0.012893435450935723,0.021356451260088189,0.029657922634032653,0.0084630158091524663
F03,diagnostic_simulation,1.5,1568,0.012889323368503198,0.020563098673707481,0.029224705937505886,0.0076737753052042827
F03,diagnostic_simulation,1.5,1569,0.012885215217941823,0.022185551184879592,0.028859688661635102,0.0093003359669377693
F03,diagnostic_simulation,1.5,1570,0.012881110992989657,0.023030885660119585,0.028731978926141526,0.010149774667129928
F03,diagnostic_simulation,1.5,1571,0.012877010687398717,0.02291680258507213,0.029051239737583466,0.010039791897673412
F03,diagnostic_simulation,1.5,1572,0.012872914294934932,0.022254885405953054,0.029619265483407757,0.0093819711110181229
F03,diagnostic_simulation,1.5,1573,0.012868821809378124,0.022384494053444167,0.029678226933440278,0.0095156722440660427
F03,diagnostic_simulation,1.5,1574,0.01286473322452189,0.022213800514257205,0.029629858910958956,0.0093490672897353147
F03,diagnostic_simulation,1.5,1575,0.012860648534173695,0.021096139602178307,0.03027137957072399,0.0082354910680046117
F03,diagnostic_simulation,1.5,1576,0.012856567732154701,0.021527969666267535,0.030509365689665138,0.0086714019341128344
F03,diagnostic_simulation,1.5,1577,0.012852490812299796,0.021588497392225414,0.030382315578981408,0.0087360065799256172
F03,diagnostic_simulation,1.5,1578,0.012848417768457625,0.02200690036305581,0.029039912703787231,0.0091584825945981857
F03,diagnostic_simulation,1.5,1579,0.012844348594490301,0.021456258515149772,0.029650578101332863,0.0086119099206594715
F03,diagnostic_simulation,1.5,1580,0.012840283284273715,0.021621367495125957,0.029193849128384495,0.0087810842108522417
F03,diagnostic_simulation,1.5,1581,0.012836221831697208,0.021336490599202493,0.029929588476322714,0.0085002687675052851
F03,diagnostic_simulation,1.5,1582,0.012832164230663681,0.021601384699227053,0.029469029868309602,0.0087692204685633716
F03,diagnostic_simulation,1.5,1583,0.012828110475089506,0.021536223763341408,0.030176032315977819,0.0087081132882519015
F03,diagnostic_simulation,1.5,1584,0.012824060558904504,0.02141733190052195,0.030124750925626189,0.0085932713416174457
F03,diagnostic_simulation,1.5,1585,0.012820014476051888,0.021629458203324389,0.029522443565098019,0.008809443727272501
F03,diagnostic_simulation,1.5,1586,0.012815972220488293,0.021646811842276955,0.030066252509449002,0.0088308396217886623
F03,diagnostic_simulation,1.5,1587,0.012811933786183607,0.022032607068702817,0.029720512217863974,0.0092206732825192098
F03,diagnostic_simulation,1.5,1588,0.012807899167121042,0.021629707241437538,0.029447561034657309,0.0088218080743164961
F03,diagnostic_simulation,1.5,1589,0.01280386835729712,0.020842048703728574,0.028924238615252406,0.0080381803464314536
F03,diagnostic_simulation,1.5,1590,0.012799841350721479,0.021330511141644335,0.029378974185575498,0.0085306697909228561
F03,diagnostic_simulation,1.5,1591,0.012795818141417019,0.021208736802109357,0.030070174866312284,0.0084129186606923378
F03,diagnostic_simulation,1.5,1592,0.012791798723419737,0.021546562682305266,0.029909442386330656,0.0087547639588855287
F03,diagnostic_simulation,1.5,1593,0.012787783090778757,0.021634919842948214,0.029088880016126695,0.0088471367521694572
F03,diagnostic_simulation,1.5,1594,0.012783771237556283,0.02206486279025139,0.028461388304035468,0.0092810915526951067
F03,diagnostic_simulation,1.5,1595,0.012779763157827523,0.021086244813835399,0.029619055962372128,0.0083064816560078757
F03,diagnostic_simulation,1.5,1596,0.012775758845680656,0.020726507207884923,0.028938527700333276,0.0079507483622042671
F03,diagnostic_simulation,1.5,1597,0.012771758295216904,0.02096934526208323,0.0298445782338034,0.0081975869668663263
F03,diagnostic_simulation,1.5,1598,0.012767761500550347,0.021037551910219311,0.030255970377544985,0.0082697904096689645
F03,diagnostic_simulation,1.5,1599,0.012763768455807933,0.019934176437851423,0.02934712461010628,0.0071704079820434901
F03,diagnostic_simulation,1.5,1600,0.012759779155129545,0.02002636790714811,0.030593163508756106,0.0072665887520185646
F03,diagnostic_simulation,1.5,1601,0.012755793592667789,0.019448804995720475,0.030249667614418923,0.0066930114030526854
F03,diagnostic_simulation,1.5,1602,0.0127518117625881,0.01888083303267803,0.02964992212036657,0.0061290212700899297
F03,diagnostic_simulation,1.5,1603,0.012747833659068635,0.019581371070196245,0.028883978439567182,0.00683353741112761
F03,diagnostic_simulation,1.5,1604,0.012743859276300248,0.020752091809319102,0.028857976687617727,0.0080082325330188536
F03,diagnostic_simulation,1.5,1605,0.012739888608486471,0.020415369675941028,0.02888366916550459,0.0076754810674545572
F03,diagnostic_simulation,1.5,1606,0.012735921649843497,0.020460547021931539,0.029306670097203238,0.0077246253720880415
F03,diagnostic_simulation,1.5,1607,0.01273195839460008,0.021268572218149435,0.028904527791889834,0.0085366138235493556
F03,diagnostic_simulation,1.5,1608,0.01272799883699755,0.021650558847913531,0.029289268841860037,0.0089225600109159812
F03,diagnostic_simulation,1.5,1609,0.012724042971289796,0.021414589210662676,0.029384466266975065,0.0086905462393728795
F03,diagnostic_simulation,1.5,1610,0.012720090791743141,0.020907060114994588,0.029534454715621054,0.008186969323251447
F03,diagnostic_simulation,1.5,1611,0.012716142292636403,0.020835172511735552,0.030378893043138989,0.0081190302190991496
F03,diagnostic_simulation,1.5,1612,0.012712197468260833,0.021295848494618699,0.030515112815646277,0.0085836510263578667
F03,diagnostic_simulation,1.5,1613,0.012708256312920026,0.021650014777512085,0.030306604071203953,0.0089417584645920586
F03,diagnostic_simulation,1.5,1614,0.012704318820930023,0.021430353510152381,0.029472880587271218,0.0087260346892223586
F03,diagnostic_simulation,1.5,1615,0.012700384986619058,0.02185649198361795,0.029368805901842408,0.0091561069969988921
F03,diagnostic_simulation,1.5,1616,0.012696454804327795,0.02266551004114721,0.029630162706463285,0.0099690552368194157
F03,diagnostic_simulation,1.5,1617,0.01269252826840896,0.02253317314520184,0.029589562054583067,0.0098406448767928804
F03,diagnostic_simulation,1.5,1618,0.012688605373227722,0.02255053238448369,0.029412890956634463,0.0098619270112559679
F03,diagnostic_simulation,1.5,1619,0.012684686113161281,0.021644755781594853,0.029996069573841089,0.0089600696684335717
F03,diagnostic_simulation,1.5,1620,0.012680770482599005,0.021849234619459246,0.029319309472415282,0.0091684641368602413
F03,diagnostic_simulation,1.5,1621,0.012676858475942418,0.021968309899701752,0.029400575630335268,0.0092914514237593341
F03,diagnostic_simulation,1.5,1622,0.01267295008760512,0.021660358818065269,0.029872508250056912,0.0089874087304601495
F03,diagnostic_simulation,1.5,1623,0.012669045312012723,0.021689230426721839,0.029518728429368288,0.0090201851147091155
F03,diagnostic_simulation,1.5,1624,0.012665144143602865,0.02282742207891908,0.029047010352783904,0.010162277935316214
F03,diagnostic_simulation,1.5,1625,0.012661246576825243,0.022049255524549075,0.028523514572301633,0.0093880089477238315
F03,diagnostic_simulation,1.5,1626,0.012657352606141434,0.022511880177185448,0.028784282662309837,0.0098545275710440142
F03,diagnostic_simulation,1.5,1627,0.012653462226024863,0.022186651926745661,0.029179765500360194,0.0095331897007207983
F03,diagnostic_simulation,1.5,1628,0.01264957543096098,0.022734688080578547,0.029046420356258255,0.010085112649617567
F03,diagnostic_simulation,1.5,1629,0.012645692215447027,0.022023683856975607,0.029056025784504121,0.0093779916415285807
F03,diagnostic_simulation,1.5,1630,0.012641812573992032,0.021955633862287632,0.028943475413682428,0.0093138212882956008
F03,diagnostic_simulation,1.5,1631,0.012637936501116786,0.022177396137620771,0.02870264023503977,0.0095394596365039851
F03,diagnostic_simulation,1.5,1632,0.01263406399135395,0.022544067067927775,0.028293344962718674,0.009910003076573826
F03,diagnostic_simulation,1.5,1633,0.012630195039247831,0.022550871172426504,0.02903864930386478,0.0099206761331786728
F03,diagnostic_simulation,1.5,1634,0.012626329639354348,0.022752485509193506,0.028616727150200302,0.010126155869839159
F03,diagnostic_simulation,1.5,1635,0.012622467786241253,0.022798636515437086,0.028622863040699643,0.010176168729195833
F03,diagnostic_simulation,1.5,1636,0.01261860947448774,0.022690282064274418,0.028398490142646005,0.010071672589786678
F03,diagnostic_simulation,1.5,1637,0.01261475469868473,0.022067545209917584,0.02799300224662649,0.0094527905112328538
F03,diagnostic_simulation,1.5,1638,0.012610903453434621,0.021504303163842678,0.029185739334051476,0.0088933997104080568
F03,diagnostic_simulation,1.5,1639,0.012607055733351392,0.022111859657204271,0.028238983197557507,0.0095048039238528788
F03,diagnostic_simulation,1.5,1640,0.012603211533060436,0.02193920246905998,0.028412754448856454,0.0093359909359995441
F03,diagnostic_simulation,1.5,1641,0.012599370847198763,0.020537191510270517,0.029292518656133922,0.0079378206630717537
F03,diagnostic_simulation,1.5,1642,0.012595533670414681,0.021497915563028311,0.028954912513503246,0.0089023818926136297
F03,diagnostic_simulation,1.5,1643,0.01259169999736791,0.021898188490639191,0.028275989453240027,0.0093064884932712814
F03,diagnostic_simulation,1.5,1644,0.012587869822729568,0.021496161228406908,0.029022739942919706,0.0089082914056773394
F03,diagnostic_simulation,1.5,1645,0.012584043141182197,0.022478013351298853,0.028321675436052126,0.0098939702101166552
F03,diagnostic_simulation,1.5,1646,0.012580219947419537,0.021766002042242168,0.028038008927112879,0.0091857820948226306
F03,diagnostic_simulation,1.5,1647,0.012576400236146545,0.020944579016265064,0.027907971066906716,0.0083681787801185188
F03,diagnostic_simulation,1.5,1648,0.012572584002079671,0.020818937718813341,0.027565313268071864,0.0082463537167336703
F03,diagnostic_simulation,1.5,1649,0.012568771239946288,0.020605961726712606,0.028919379321137927,0.0080371904867663178
F03,diagnostic_simulation,1.5,1650,0.012564961944485201,0.021821999738957515,0.029876797813381657,0.0092570377944723135
F03,diagnostic_simulation,1.5,1651,0.012561156110446187,0.021159877616673005,0.029005516537364075,0.0085987215062268176
F03,diagnostic_simulation,1.5,1652,0.012557353732590246,0.020977611596517357,0.028526664634148883,0.0084202578639271108
F03,diagnostic_simulation,1.5,1653,0.012553554805689463,0.021817452426379419,0.028011750751392953,0.0092638976206899561
F03,diagnostic_simulation,1.5,1654,0.012549759324526977,0.02162079158508964,0.028431668721606247,0.0090710322605626632
F03,diagnostic_simulation,1.5,1655,0.01254596728389696,0.021317598823750717,0.028084781958791154,0.0087716315398537574
F03,diagnostic_simulation,1.5,1656,0.012542178678604625,0.021424211479991399,0.028756530750456151,0.0088820328013867744
F03,diagnostic_simulation,1.5,1657,0.012538393503466017,0.021182439046862227,0.028074981733537764,0.0086440455433962095
F03,diagnostic_simulation,1.5,1658,0.012534611753308326,0.020574042366960223,0.028811787043019912,0.0080394306136518968
F03,diagnostic_simulation,1.5,1659,0.012530833422969508,0.02184002917634412,0.028918076279866933,0.009309195753374612
F03,diagnostic_simulation,1.5,1660,0.012527058507298489,0.021969679519663395,0.028041985521023112,0.009442621012364906
F03,diagnostic_simulation,1.5,1661,0.012523287001155002,0.021499483651524286,0.027154363417474427,0.0089761966503692833
F03,diagnostic_simulation,1.5,1662,0.012519518899409665,0.021061915986517302,0.026765885652968301,0.0085423970871076373
F03,diagnostic_simulation,1.5,1663,0.012515754196943778,0.02063778164242306,0.026567203301115727,0.0081220274454792823
F03,diagnostic_simulation,1.5,1664,0.012511992888649541,0.021211801289926294,0.026918863315141314,0.008699808401276753
F03,diagnostic_simulation,1.5,1665,0.012508234969429845,0.021231078129139005,0.02765344679050102,0.00872284315970916
F03,diagnostic_simulation,1.5,1666,0.012504480434198264,0.021055521003693213,0.027336908882606786,0.0085510405694949488
F03,diagnostic_simulation,1.5,1667,0.012500729277879048,0.020876123419726118,0.027780158972234726,0.0083753941418470701
F03,diagnostic_simulation,1.5,1668,0.012496981495407136,0.021355134446167788,0.027997823252739099,0.0088581529507606518
F03,diagnostic_simulation,1.5,1669,0.012493237081728063,0.021265956425760631,0.028483512984949905,0.0087727193440325681
F03,diagnostic_simulation,1.5,1670,0.012489496031798041,0.020827414636393645,0.027895154702405025,0.0083379186045956042
F03,diagnostic_simulation,1.5,1671,0.012485758340583682,0.020207468720366412,0.027140407846676276,0.0077217103797827293
F03,diagnostic_simulation,1.5,1672,0.012482024003062293,0.021039689486777851,0.027728924520516965,0.0085576654837155579
F03,diagnostic_simulation,1.5,1673,0.012478293014221565,0.020795021326750381,0.028883154216441914,0.008316728312528816
F03,diagnostic_simulation,1.5,1674,0.012474565369059854,0.020489883671824007,0.028067307796023143,0.0080153183027641527
F03,diagnostic_simulation,1.5,1675,0.012470841062585744,0.020721275852404693,0.028484591364828633,0.008250434789818949
F03,diagnostic_simulation,1.5,1676,0.012467120089818396,0.020201137951686959,0.029420646207413376,0.0077340178618685636
F03,diagnostic_simulation,1.5,1677,0.012463402445787326,0.020667685349775592,0.029684176152680136,0.0082042829039882664
F03,diagnostic_simulation,1.5,1678,0.012459688125532354,0.021666935415754839,0.029527178142329615,0.0092072472902224849
F03,diagnostic_simulation,1.5,1679,0.012455977124103781,0.022056706275315301,0.029456103205635152,0.0096007291512115196
F03,diagnostic_simulation,1.5,1680,0.012452269436562122,0.021355158486393518,0.028604026153141199,0.0089028890498313966
F03,diagnostic_simulation,1.5,1681,0.012448565057978157,0.020578738630822803,0.028094782074555673,0.0081301735728446459
F03,diagnostic_simulation,1.5,1682,0.012444863983433033,0.02098770646005943,0.028205869837122109,0.0085428424766263965
F03,diagnostic_simulation,1.5,1683,0.012441166208018007,0.020683518837753063,0.027967861748801018,0.0082423526297350554
F03,diagnostic_simulation,1.5,1684,0.012437471726834603,0.020860208861245493,0.029297247085568703,0.00842273713441089
F03,diagnostic_simulation,1.5,1685,0.012433780534994558,0.020389005563255638,0.028640309306066387,0.0079552250282610808
F03,diagnostic_simulation,1.5,1686,0.012430092627619637,0.020534020840212237,0.027987712936924945,0.0081039282125925996
F03,diagnostic_simulation,1.5,1687,0.012426407999841861,0.020137681075954952,0.028029906728710023,0.0077112730761130909
F03,diagnostic_simulation,1.5,1688,0.012422726646803248,0.020605207789415481,0.028550174161942634,0.0081824811426122329
F03,diagnostic_simulation,1.5,1689,0.01241904856365599,0.021126490180645406,0.027784301822970731,0.0087074416169894159
F03,diagnostic_simulation,1.5,1690,0.012415373745562199,0.019978575871363081,0.02852644277897837,0.0075632021258008816
F03,diagnostic_simulation,1.5,1691,0.012411702187694072,0.020460505350293524,0.028486975376289192,0.0080488031625994515
F03,diagnostic_simulation,1.5,1692,0.012408033885233719,0.020538333358929857,0.028799578232564627,0.0081302994736961384
F03,diagnostic_simulation,1.5,1693,0.012404368833373385,0.020674714245673846,0.02834762150927712,0.0082703454123004613
F03,diagnostic_simulation,1.5,1694,0.0124007070273151,0.020596083701286235,0.027701744135217882,0.0081953766739711349
F03,diagnostic_simulation,1.5,1695,0.01239704846227079,0.020364831502520647,0.028852638019264236,0.0079677830402498564
F03,diagnostic_simulation,1.5,1696,0.012393393133462351,0.020682631465782038,0.028547131679953836,0.0082892383323196865
F03,diagnostic_simulation,1.5,1697,0.01238974103612152,0.020495532680353392,0.028457945754056697,0.0081057916442318721
F03,diagnostic_simulation,1.5,1698,0.012386092165489792,0.019467567173233606,0.028482421685770653,0.0070814750077438145
F03,diagnostic_simulation,1.5,1699,0.012382446516818526,0.021025552419896714,0.028389527117515186,0.0086431059030781885
F03,diagnostic_simulation,1.5,1700,0.012378804085368853,0.021498863479289212,0.028323638710351724,0.0091200593939203597
F03,diagnostic_simulation,1.5,1701,0.012375164866411699,0.021830112539020053,0.028889323505285405,0.0094549476726083544
F03,diagnostic_simulation,1.5,1702,0.012371528855227581,0.021744764669292968,0.029006728198412185,0.0093732358140653869
F03,diagnostic_simulation,1.5,1703,0.01236789604710687,0.021696852646088748,0.028159209215038731,0.0093289565989818773
F03,diagnostic_simulation,1.5,1704,0.012364266437349574,0.020819574566118874,0.028540739157243439,0.0084553081287693007
F03,diagnostic_simulation,1.5,1705,0.012360640021265247,0.021094190962183082,0.028027218021090296,0.0087335509409178346
F03,diagnostic_simulation,1.5,1706,0.012357016794173148,0.020898447999139914,0.027999363620520062,0.0085414312049667662
F03,diagnostic_simulation,1.5,1707,0.012353396751402205,0.020982041722182328,0.027561051712356288,0.0086286449707801225
F03,diagnostic_simulation,1.5,1708,0.012349779888290779,0.020465680627870186,0.027942025961285668,0.0081159007395794069
F03,diagnostic_simulation,1.5,1709,0.012346166200186873,0.020669264883752182,0.029003442322583509,0.0083230986835653095
F03,diagnostic_simulation,1.5,1710,0.01234255568244797,0.021394096008969642,0.028759496202555048,0.0090515403265216728
F03,diagnostic_simulation,1.5,1711,0.012338948330441073,0.020288327516098187,0.027993959092554706,0.0079493791856571142
F03,diagnostic_simulation,1.5,1712,0.012335344139542662,0.020633025127480498,0.028356722593719776,0.0082976809879378357
F03,diagnostic_simulation,1.5,1713,0.012331743105138624,0.019858426992178348,0.027603365016197701,0.0075266838870397239
F03,diagnostic_simulation,1.5,1714,0.012328145222624303,0.019831624620819412,0.027534265141555662,0.0075034793981951092
F03,diagnostic_simulation,1.5,1715,0.012324550487404507,0.02079741503442397,0.028028169767299257,0.0084728645470194628
F03,diagnostic_simulation,1.5,1716,0.012320958894893251,0.021164198934062392,0.027981344214460888,0.0088432400391691406
F03,diagnostic_simulation,1.5,1717,0.012317370440514099,0.021321713954390288,0.027645279959078443,0.0090043435138761896
F03,diagnostic_simulation,1.5,1718,0.012313785119699756,0.021525308532942176,0.027787669172454638,0.0092115234132424204
F03,diagnostic_simulation,1.5,1719,0.012310202927892314,0.021768263415570699,0.027809886684377731,0.0094580604876783846
F03,diagnostic_simulation,1.5,1720,0.012306623860543188,0.022402889134641966,0.027763030928433324,0.010096265274098778
F03,diagnostic_simulation,1.5,1721,0.012303047913112958,0.022332896863948265,0.027742914107472694,0.010029848950835307
F03,diagnostic_simulation,1.5,1722,0.012299475081071487,0.022317622935082292,0.027799547664384538,0.010018147854010805
F03,diagnostic_simulation,1.5,1723,0.01229590535989779,0.021588120773670328,0.028066266839924567,0.0092922154137725383
F03,diagnostic_simulation,1.5,1724,0.012292338745080145,0.021257967898010897,0.027696931530923102,0.0089656291529307524
F03,diagnostic_simulation,1.5,1725,0.012288775232115865,0.021876283988495466,0.027563655299815457,0.0095875087563796011
F03,diagnostic_simulation,1.5,1726,0.012285214816511549,0.021839888179772518,0.027297918613987844,0.0095546733632609696
F03,diagnostic_simulation,1.5,1727,0.012281657493782799,0.022583011093745796,0.027838916385871351,0.010301353599962997
F03,diagnostic_simulation,1.5,1728,0.012278103259454243,0.021628855369869745,0.027576959490410863,0.0093507521104155018
F03,diagnostic_simulation,1.5,1729,0.012274552109059748,0.0221655818597239,0.02772891715507992,0.0098910297506641515
F03,diagnostic_simulation,1.5,1730,0.012271004038142058,0.021993825216770218,0.027931173653468658,0.0097228211786281604
F03,diagnostic_simulation,1.5,1731,0.01226745904225301,0.021847987619665679,0.026536933621575377,0.0095805285774126694
F03,diagnostic_simulation,1.5,1732,0.012263917116953394,0.022189837641890541,0.027621830315521102,0.0099259205249371471
F03,diagnostic_simulation,1.5,1733,0.012260378257813032,0.021896156460364576,0.027040470683665635,0.0096357782025515443
F03,diagnostic_simulation,1.5,1734,0.012256842460410569,0.021742636611497248,0.026196302263818659,0.0094857941510866784
F03,diagnostic_simulation,1.5,1735,0.012253309720333753,0.021687998494675682,0.025752001480117245,0.0094346887743419292
F03,diagnostic_simulation,1.5,1736,0.012249780033179034,0.022179618137691624,0.026704180538041394,0.0099298381045125894
F03,diagnostic_simulation,1.5,1737,0.012246253394551786,0.022063538998567625,0.026957299199732766,0.0098172856040158393
F03,diagnostic_simulation,1.5,1738,0.012242729800066375,0.023106226431034611,0.028007132213720528,0.010863496630968236
F03,diagnostic_simulation,1.5,1739,0.012239209245345843,0.022412204066742197,0.027592507755989953,0.010172994821396353
F03,diagnostic_simulation,1.5,1740,0.012235691726022084,0.022808789419517365,0.027006765890281288,0.01057309769349528
F03,diagnostic_simulation,1.5,1741,0.012232177237735752,0.023549075855500895,0.02765647861419521,0.011316898617765143
F03,diagnostic_simulation,1.5,1742,0.012228665776136337,0.02334083455580218,0.027789852563870152,0.011112168779665843
F03,diagnostic_simulation,1.5,1743,0.012225157336881952,0.023172914082511202,0.027343529761378337,0.010947756745629251
F03,diagnostic_simulation,1.5,1744,0.01222165191563955,0.023185483870967746,0.02694790208925495,0.010963831955328195
F03,diagnostic_simulation,1.5,1745,0.012218149508084678,0.023090526461315136,0.026475636142261165,0.010872376953230458
F03,diagnostic_simulation,1.5,1746,0.012214650109901566,0.023285509105292666,0.026542963135574634,0.011070858995391101
F03,diagnostic_simulation,1.5,1747,0.012211153716783151,0.022537702047258613,0.026906610993036345,0.010326548330475463
F03,diagnostic_simulation,1.5,1748,0.01220766032443096,0.022598273398976944,0.027267718696876796,0.010390613074545984
F03,diagnostic_simulation,1.5,1749,0.012204169928555083,0.022609881142111023,0.026867857343188497,0.01040571121355594
F03,diagnostic_simulation,1.5,1750,0.012200682524874256,0.022341144573223653,0.02638679135964021,0.010140462048349397
F03,diagnostic_simulation,1.5,1751,0.012197198109115744,0.023102579562430631,0.025491189534769379,0.010905381453314888
F03,diagnostic_simulation,1.5,1752,0.01219371667701538,0.022810800639036528,0.025278614175113737,0.010617083962021148
F03,diagnostic_simulation,1.5,1753,0.012190238224317407,0.023371583503270083,0.025776002903507803,0.011181345278952676
F03,diagnostic_simulation,1.5,1754,0.012186762746774724,0.022813856138868618,0.02648657623862493,0.010627093392093894
F03,diagnostic_simulation,1.5,1755,0.012183290240148508,0.023032847009666308,0.026922986638504495,0.0108495567695178
F03,diagnostic_simulation,1.5,1756,0.012179820700208614,0.022557683149761126,0.026814783995785969,0.010377862449552511
F03,diagnostic_simulation,1.5,1757,0.012176354122733126,0.022942773640773153,0.02651392533252175,0.010766419518040027
F03,diagnostic_simulation,1.5,1758,0.012172890503508645,0.023175209112625099,0.026202103645089764,0.011002318609116454
F03,diagnostic_simulation,1.5,1759,0.012169429838330107,0.022234383701058052,0.027169435068262037,0.010064953862727944
F03,diagnostic_simulation,1.5,1760,0.012165972123000806,0.02257243148580558,0.027491029637174605,0.010406459362804774
F03,diagnostic_simulation,1.5,1761,0.012162517353332444,0.022512990479409176,0.026988860332798539,0.010350473126076731
F03,diagnostic_simulation,1.5,1762,0.012159065525144992,0.021655682804494935,0.027225634707599564,0.0094966172793499431
F03,diagnostic_simulation,1.5,1763,0.012155616634266713,0.022202080796985959,0.028285494874009155,0.010046464162719246
F03,diagnostic_simulation,1.5,1764,0.012152170676534209,0.022776326906828487,0.027450275753433482,0.010624156230294278
F03,diagnostic_simulation,1.5,1765,0.012148727647792212,0.021952615226266327,0.027517178931801365,0.0098038875784741148
F03,diagnostic_simulation,1.5,1766,0.012145287543893836,0.022909001528546958,0.027904198993327821,0.010763713984653122
F03,diagnostic_simulation,1.5,1767,0.012141850360700345,0.023770340698295159,0.027076743060426334,0.011628490337594813
F03,diagnostic_simulation,1.5,1768,0.012138416094081181,0.023745468092297294,0.026889191786789158,0.011607051998216112
F03,diagnostic_simulation,1.5,1769,0.012134984739914,0.023214594335093618,0.026734069787598409,0.011079609595179618
F03,diagnostic_simulation,1.5,1770,0.012131556294084552,0.02296312227795402,0.026828764323128827,0.010831565983869468
F03,diagnostic_simulation,1.5,1771,0.012128130752486727,0.022713568611184717,0.026440941117277562,0.010585437858697991
F03,diagnostic_simulation,1.5,1772,0.012124708111022654,0.022295024042523773,0.027053170270731786,0.010170315931501119
F03,diagnostic_simulation,1.5,1773,0.012121288365602407,0.022317193543059714,0.027362726092781554,0.010195905177457307
F03,diagnostic_simulation,1.5,1774,0.012117871512144154,0.0222529477282329,0.026672509602772655,0.010135076216088746
F03,diagnostic_simulation,1.5,1775,0.012114457546574182,0.022588134532144765,0.025692129937029063,0.010473676985570583
F03,diagnostic_simulation,1.5,1776,0.012111046464826702,0.022232954894610704,0.025756379974658208,0.010121908429784002
F03,diagnostic_simulation,1.5,1777,0.012107638262844039,0.022407793614398142,0.026075447418086078,0.010300155351554104
F03,diagnostic_simulation,1.5,1778,0.012104232936576441,0.022798675710346196,0.025601721398243748,0.010694442773769755
F03,diagnostic_simulation,1.5,1779,0.012100830481982166,0.022175599638968368,0.026371310415716321,0.010074769156986203
F03,diagnostic_simulation,1.5,1780,0.012097430895027392,0.022511752776881597,0.026290502971999551,0.010414321881854205
F03,diagnostic_simulation,1.5,1781,0.01209403417168621,0.021581407496456869,0.025765235089281829,0.0094873733247706586
F03,diagnostic_simulation,1.5,1782,0.012090640307940664,0.022275716118327557,0.026051840574860877,0.010185075810386893
F03,diagnostic_simulation,1.5,1783,0.012087249299780636,0.022551380583113449,0.026406277150953159,0.010464131283332814
F03,diagnostic_simulation,1.5,1784,0.012083861143203929,0.022261484098939931,0.026811368545795397,0.010177622955736002
F03,diagnostic_simulation,1.5,1785,0.01208047583421616,0.022540991477152699,0.027713455918594688,0.010460515642936539
F03,diagnostic_simulation,1.5,1786,0.012077093368830814,0.022395125173799154,0.027283971335424213,0.01031803180496834
F03,diagnostic_simulation,1.5,1787,0.012073713743069097,0.022890684713681594,0.027058967065935677,0.010816970970612497
F03,diagnostic_simulation,1.5,1788,0.012070336952960118,0.022204212693389052,0.027494124826332421,0.010133875740428934
F03,diagnostic_simulation,1.5,1789,0.012066962994540681,0.0222100593420522,0.026933286044632982,0.010143096347511519
F03,diagnostic_simulation,1.5,1790,0.012063591863855383,0.02193551856318705,0.028079051138873625,0.0098719266993316668
F03,diagnostic_simulation,1.5,1791,0.01206022355695646,0.022075797090872772,0.028908057990467577,0.010015573533916312
F03,diagnostic_simulation,1.5,1792,0.012056858069903998,0.022194951450344148,0.028733991572664014,0.010138093380440151
F03,diagnostic_simulation,1.5,1793,0.012053495398765704,0.022268015102688291,0.027766317503443501,0.010214519703922587
F03,diagnostic_simulation,1.5,1794,0.012050135539616905,0.021802381409640866,0.027705680868301309,0.0097522458700239605
F03,diagnostic_simulation,1.5,1795,0.012046778488540735,0.021702599203377006,0.028137057539274039,0.0096558207148362708
F03,diagnostic_simulation,1.5,1796,0.012043424241627725,0.022242344861493075,0.029716948375354348,0.01019892061986535
F03,diagnostic_simulation,1.5,1797,0.012040072794976256,0.021817036493602764,0.02931828872599512,0.0097769636986265087
F03,diagnostic_simulation,1.5,1798,0.012036724144692201,0.021760464919760629,0.029239532682570353,0.0097237407750684277
F03,diagnostic_simulation,1.5,1799,0.012033378286888963,0.021828727265743531,0.029320638334702758,0.0097953489788545674
F03,diagnostic_simulation,1.5,1800,0.012030035217687619,0.022057354884306917,0.029950485620445812,0.010027319666619298
F03,diagnostic_simulation,1.5,1801,0.012026694933216736,0.022064161510007951,0.028252516387684501,0.010037466576791216
F03,diagnostic_simulation,1.5,1802,0.012023357429612302,0.022107458650544282,0.028931849393152152,0.010084101220931979
F03,diagnostic_simulation,1.5,1803,0.01202002270301797,0.022134431380381885,0.029320859589259715,0.010114408677363915
F03,diagnostic_simulation,1.5,1804,0.0120166907495848,0.021813781977414147,0.02897988976238168,0.0097970912278293465
F03,diagnostic_simulation,1.5,1805,0.012013361565471279,0.021970392449844243,0.028285134930176536,0.0099570308843729641
F03,diagnostic_simulation,1.5,1806,0.01201003514684343,0.022060744109580623,0.029110028118251779,0.010050708962737192
F03,diagnostic_simulation,1.5,1807,0.01200671148987458,0.021629656944652506,0.027921717685103493,0.0096229454547779262
F03,diagnostic_simulation,1.5,1808,0.012003390590745582,0.022500729826070924,0.028252069969471449,0.010497339235325342
F03,diagnostic_simulation,1.5,1809,0.012000072445644635,0.0224566424030576,0.027253055550928166,0.010456569957412966
F03,diagnostic_simulation,1.5,1810,0.011996757050767273,0.022166716602518302,0.026904056422239232,0.01016995955175103
F03,diagnostic_simulation,1.5,1811,0.011993444402316441,0.02204196164143616,0.02728775571419273,0.010048517239119719
F03,diagnostic_simulation,1.5,1812,0.011990134496502419,0.02184422199345451,0.027084324823913767,0.0098540874969520915
F03,diagnostic_simulation,1.5,1813,0.011986827329542746,0.021799171055310353,0.026757138405138693,0.0098123437257676069
F03,diagnostic_simulation,1.5,1814,0.011983522897662335,0.021224023354972532,0.026656832565389556,0.0092405004573101971
F03,diagnostic_simulation,1.5,1815,0.011980221197093273,0.021594789669994504,0.027936633024313973,0.0096145684729012307
F03,diagnostic_simulation,1.5,1816,0.011976922224075091,0.021979003411081409,0.027826813241796429,0.010002081187006318
F03,diagnostic_simulation,1.5,1817,0.011973625974854341,0.021406730765537188,0.028517453441224517,0.0094331047906828468
F03,diagnostic_simulation,1.5,1818,0.011970332445684934,0.021268524849611642,0.027919657749005272,0.0092981924039267083
F03,diagnostic_simulation,1.5,1819,0.011967041632828036,0.022169403630077789,0.027643910650164423,0.010202361997249753
F03,diagnostic_simulation,1.5,1820,0.011963753532551838,0.021423303268234974,0.027889798004669349,0.0094595497356831353
F03,diagnostic_simulation,1.5,1821,0.011960468141131858,0.020621497140091344,0.027626616277163462,0.0086610289989594857
F03,diagnostic_simulation,1.5,1822,0.011957185454850756,0.021241001528875775,0.02814918677295877,0.009283816074025019
F03,diagnostic_simulation,1.5,1823,0.011953905469998187,0.020977946458410966,0.028158025044752451,0.0090240409884127792
F03,diagnostic_simulation,1.5,1824,0.011950628182871126,0.021436117086662571,0.027899829750100264,0.0094854889037914447
F03,diagnostic_simulation,1.5,1825,0.011947353589773477,0.020772590552360758,0.028096378643907551,0.0088252369625872809
F03,diagnostic_simulation,1.5,1826,0.011944081687016351,0.021362333761015373,0.028474836881497503,0.0094182520739990224
F03,diagnostic_simulation,1.5,1827,0.011940812470917868,0.021547766761294881,0.028016088300837828,0.0096069542903770132
F03,diagnostic_simulation,1.5,1828,0.011937545937803199,0.020751701777839242,0.027337396359522766,0.0088141558400360431
F03,diagnostic_simulation,1.5,1829,0.011934282084004573,0.02135009507711811,0.027909433665307078,0.0094158129931135367
F03,diagnostic_simulation,1.5,1830,0.011931020905861249,0.021646934087294574,0.028207316800942475,0.0097159131814333246
F03,diagnostic_simulation,1.5,1831,0.011927762399719422,0.020488796179983323,0.027470565251073421,0.0085610337802639012
F03,diagnostic_simulation,1.5,1832,0.011924506561932313,0.020670387842281569,0.02848114926376618,0.0087458812803492565
F03,diagnostic_simulation,1.5,1833,0.011921253388860083,0.020578269838769779,0.028042996207680075,0.0086570164499096963
F03,diagnostic_simulation,1.5,1834,0.011918002876869921,0.020335369367292844,0.028000751314428047,0.0084173664904229235
F03,diagnostic_simulation,1.5,1835,0.011914755022335782,0.020378665355404536,0.028180563313453866,0.0084639103330687547
F03,diagnostic_simulation,1.5,1836,0.011911509821638683,0.020846458810332372,0.028601346296965879,0.0089349489886936893
F03,diagnostic_simulation,1.5,1837,0.011908267271166499,0.021160591148144305,0.029535875082132831,0.0092523238769778061
F03,diagnostic_simulation,1.5,1838,0.011905027367313971,0.021122256113958189,0.029487225540444851,0.0092172287466442179
F03,diagnostic_simulation,1.5,1839,0.011901790106482705,0.021539155990088547,0.029270400645834697,0.0096373658836058414
F03,diagnostic_simulation,1.5,1840,0.011898555485081166,0.020811243776507466,0.028138072174020166,0.0089126882914263
F03,diagnostic_simulation,1.5,1841,0.011895323499524555,0.020601952340157437,0.029048684633225998,0.008706628840632882
F03,diagnostic_simulation,1.5,1842,0.011892094146235047,0.020991963181227952,0.029853419547064428,0.0090998690349929044
F03,diagnostic_simulation,1.5,1843,0.011888867421641521,0.020669340494273936,0.028850527450387839,0.0087804730726324144
F03,diagnostic_simulation,1.5,1844,0.011885643322179585,0.021694199001152516,0.028006729593157819,0.0098085556789729317
F03,diagnostic_simulation,1.5,1845,0.011882421844291727,0.021782642269082862,0.026796974988595089,0.0099002204247911341
F03,diagnostic_simulation,1.5,1846,0.011879202984427137,0.021722218380471611,0.027077974072501683,0.0098430153960444734
F03,diagnostic_simulation,1.5,1847,0.011875986739041633,0.020633161350303693,0.027715236027261125,0.0087571746112620596
F03,diagnostic_simulation,1.5,1848,0.011872773104597936,0.020702392660663246,0.027668681061709149,0.0088296195560653105
F03,diagnostic_simulation,1.5,1849,0.011869562077565317,0.021011736683378471,0.028439809232681107,0.0091421746058131543
F03,diagnostic_simulation,1.5,1850,0.011866353654419756,0.021017580120940169,0.027948106893652937,0.0091512264665204127
F03,diagnostic_simulation,1.5,1851,0.011863147831643885,0.02140376421955258,0.027892652549027952,0.0095406163879086948
F03,diagnostic_simulation,1.5,1852,0.011859944605727089,0.020452991255974058,0.027064197410045208,0.0085930466502469691
F03,diagnostic_simulation,1.5,1853,0.01185674397316527,0.020313802628596458,0.026705394884602524,0.0084570586554311884
F03,diagnostic_simulation,1.5,1854,0.011853545930460977,0.02054535325982558,0.027352805503759132,0.0086918073293646026
F03,diagnostic_simulation,1.5,1855,0.011850350474123379,0.020919055357698557,0.028145540276117195,0.0090687048835751786
F03,diagnostic_simulation,1.5,1856,0.011847157600668243,0.020620428141135974,0.029015318117006261,0.008773270540467731
F03,diagnostic_simulation,1.5,1857,0.011843967306617822,0.020760737186259783,0.029230687163949248,0.0089167698796419614
F03,diagnostic_simulation,1.5,1858,0.011840779588500983,0.020855904658721561,0.029183288423183282,0.0090151250702205782
F03,diagnostic_simulation,1.5,1859,0.01183759444285316,0.021328543711700634,0.028851225342187925,0.0094909492688474741
F03,diagnostic_simulation,1.5,1860,0.011834411866216241,0.020886800571683239,0.02733561772241342,0.0090523887054669988
F03,diagnostic_simulation,1.5,1861,0.01183123185513865,0.020569918127576518,0.027430792728972128,0.0087386862724378681
F03,diagnostic_simulation,1.5,1862,0.011828054406175299,0.020438409110119023,0.028759592575292807,0.0086103547039437234
F03,diagnostic_simulation,1.5,1863,0.011824879515887577,0.019891962917001241,0.029153135884845659,0.0080670834011136641
F03,diagnostic_simulation,1.5,1864,0.011821707180843273,0.020937067773167357,0.028762335236234747,0.0091153605923240833
F03,diagnostic_simulation,1.5,1865,0.011818537397616754,0.019862340027432101,0.028685925135370108,0.0080438026298153466
F03,diagnostic_simulation,1.5,1866,0.011815370162788684,0.020569352768962417,0.028079087965524944,0.0087539826061737332
F03,diagnostic_simulation,1.5,1867,0.011812205472946183,0.020366763102387074,0.027412414200176167,0.0085545576294408909
F03,diagnostic_simulation,1.5,1868,0.011809043324682772,0.019881779341929334,0.02795322919458099,0.0080727360172465623
F03,diagnostic_simulation,1.5,1869,0.011805883714598371,0.020433195658438187,0.029569625969740446,0.0086273119438398157
F03,diagnostic_simulation,1.5,1870,0.011802726639299165,0.020726234660396352,0.028840538797349168,0.0089235080210971866
F03,diagnostic_simulation,1.5,1871,0.011799572095397816,0.019747534319733504,0.027853688154269248,0.0079479622243356883
F03,diagnostic_simulation,1.5,1872,0.011796420079513256,0.020200021515952543,0.027350303237692889,0.0084036014364392876
F03,diagnostic_simulation,1.5,1873,0.011793270588270763,0.01998589931263952,0.027255611941768981,0.0081926287243687564
F03,diagnostic_simulation,1.5,1874,0.011790123618301883,0.020959004111115377,0.027702705330460719,0.0091688804928134939
F03,diagnostic_simulation,1.5,1875,0.011786979166244479,0.020175280190879434,0.02791593324797834,0.0083883010246349546
F03,diagnostic_simulation,1.5,1876,0.011783837228742685,0.020588393502082469,0.028071603796787366,0.0088045562733397847
F03,diagnostic_simulation,1.5,1877,0.011780697802446869,0.020485693537790041,0.027792373782371732,0.0087049957353431719
F03,diagnostic_simulation,1.5,1878,0.011777560884013655,0.020661553948652527,0.028067579920367416,0.0088839930646388721
F03,diagnostic_simulation,1.5,1879,0.011774426470105917,0.020788427179989626,0.028557368789457759,0.0090140007098837086
F03,diagnostic_simulation,1.5,1880,0.011771294557392734,0.02092586758061046,0.029370435166967131,0.0091545730232177255
F03,diagnostic_simulation,1.5,1881,0.011768165142549379,0.020052792751947067,0.028720020100511886,0.0082846276093976878
F03,diagnostic_simulation,1.5,1882,0.011765038222257272,0.01994720704520829,0.029197947050341722,0.0081821688229510182
F03,diagnostic_simulation,1.5,1883,0.011761913793204066,0.020146122546213223,0.028184971383257856,0.0083842087530091574
F03,diagnostic_simulation,1.5,1884,0.011758791852083528,0.020803235226312149,0.028358099875846282,0.0090444433742286213
F03,diagnostic_simulation,1.5,1885,0.011755672395595575,0.021324910954088044,0.028211026999285592,0.0095692385584924683
F03,diagnostic_simulation,1.5,1886,0.011752555420446261,0.021266397190480218,0.028745587751711231,0.009513841770033957
F03,diagnostic_simulation,1.5,1887,0.011749440923347693,0.021632463295895979,0.02902877887703114,0.0098830223725482856
F03,diagnostic_simulation,1.5,1888,0.011746328901018165,0.021126314090741428,0.029003289607031354,0.0093799851897232635
F03,diagnostic_simulation,1.5,1889,0.011743219350182051,0.02112639526618125,0.028204585858693662,0.0093831759159991989
F03,diagnostic_simulation,1.5,1890,0.011740112267569634,0.020931474636316835,0.029592258834521112,0.009191362368747201
F03,diagnostic_simulation,1.5,1891,0.011737007649917449,0.020835494691703843,0.029856502701989054,0.0090984870417863944
F03,diagnostic_simulation,1.5,1892,0.011733905493967953,0.021508960545932404,0.030392475926267773,0.0097750550519644513
F03,diagnostic_simulation,1.5,1893,0.011730805796469701,0.021085413696777341,0.029519667568904166,0.0093546079003076401
F03,diagnostic_simulation,1.5,1894,0.011727708554177133,0.021389048991354472,0.029412262311100789,0.0096613404371773386
F03,diagnostic_simulation,1.5,1895,0.01172461376385083,0.02228250636890055,0.028967991661684851,0.01055789260504972
F03,diagnostic_simulation,1.5,1896,0.011721521422257214,0.022282591989179555,0.030040791953667163,0.010561070566922341
F03,diagnostic_simulation,1.5,1897,0.011718431526168816,0.022051166776178011,0.029234822789487223,0.010332735250009195
F03,diagnostic_simulation,1.5,1898,0.011715344072364043,0.021647787093749756,0.029326334903379582,0.0099324430213857135
F03,diagnostic_simulation,1.5,1899,0.011712259057627256,0.022405809909892604,0.029469024925177507,0.010693550852265348
F03,diagnostic_simulation,1.5,1900,0.011709176478748714,0.022493313966892609,0.029202186934209253,0.010784137488143894
F03,diagnostic_simulation,1.5,1901,0.011706096332524603,0.022272453053492316,0.029666415468061379,0.010566356720967713
F03,diagnostic_simulation,1.5,1902,0.011703018615757019,0.023001667678545352,0.029519372044660337,0.011298649062788333
F03,diagnostic_simulation,1.5,1903,0.011699943325253896,0.022184244604040101,0.029741655284032918,0.010484301278786206
F03,diagnostic_simulation,1.5,1904,0.011696870457829118,0.021418690439594219,0.029162736137398771,0.0097218199817651011
F03,diagnostic_simulation,1.5,1905,0.011693800010302317,0.020577238615272886,0.029388111525303146,0.0088834386049705689
F03,diagnostic_simulation,1.5,1906,0.011690731979499099,0.021543740729639792,0.028696477744699779,0.0098530087501406925
F03,diagnostic_simulation,1.5,1907,0.011687666362250739,0.021393960120966657,0.028958314935039392,0.0097062937587159177
F03,diagnostic_simulation,1.5,1908,0.01168460315539452,0.020550577168416365,0.029111768665683376,0.0088659740130218444
F03,diagnostic_simulation,1.5,1909,0.011681542355773289,0.020580436912790365,0.029018263995438293,0.0088988945570170758
F03,diagnostic_simulation,1.5,1910,0.011678483960235887,0.020780336158995369,0.028716535618055199,0.0091018521987594816
F03,diagnostic_simulation,1.5,1911,0.011675427965636804,0.019801485591758157,0.028463161017153869,0.0081260576261213534
F03,diagnostic_simulation,1.5,1912,0.011672374368836325,0.020586438255095457,0.028438862425888518,0.0089140638862591319
F03,diagnostic_simulation,1.5,1913,0.011669323166700503,0.021524145855028799,0.027871643244851297,0.0098548226883282963
F03,diagnostic_simulation,1.5,1914,0.011666274356101132,0.02087576374745418,0.027374906252358125,0.0092094893913530484
F03,diagnostic_simulation,1.5,1915,0.01166322793391562,0.020831652121785046,0.026873658540851057,0.0091684241878694263
F03,diagnostic_simulation,1.5,1916,0.011660183897027204,0.02090282367769802,0.027590403187892295,0.0092426397806708166
F03,diagnostic_simulation,1.5,1917,0.011657142242324734,0.02075495624973581,0.027102847667083488,0.0090978140074110762
F03,diagnostic_simulation,1.5,1918,0.011654102966702801,0.020796346252872504,0.027445109045136827,0.0091422432861697038
F03,diagnostic_simulation,1.5,1919,0.011651066067061589,0.021171101931021234,0.027146053986711664,0.0095200358639596448
F03,diagnostic_simulation,1.5,1920,0.011648031540307014,0.020538074889326127,0.02783104922258656,0.0088900433490191125
F03,diagnostic_simulation,1.5,1921,0.011644999383350552,0.021055978910396088,0.027846000473976763,0.0094109795270455356
F03,diagnostic_simulation,1.5,1922,0.011641969593109352,0.021543143930951265,0.02751810590033963,0.0099011743378419129
F03,diagnostic_simulation,1.5,1923,0.011638942166506152,0.021504797844908753,0.028182076256364038,0.0098658556784026012
F03,diagnostic_simulation,1.5,1924,0.011635917100469319,0.022455998770271313,0.028361495633227343,0.010820081669801994
F03,diagnostic_simulation,1.5,1925,0.011632894391932744,0.021342599887018244,0.028268201658123646,0.0097097054950854994
F03,diagnostic_simulation,1.5,1926,0.011629874037835976,0.021375346824585542,0.028903649745086017,0.0097454727867495664
F03,diagnostic_simulation,1.5,1927,0.011626856035124098,0.020531902220070172,0.028218955223431631,0.0089050461849460739
F03,diagnostic_simulation,1.5,1928,0.0116238403807476,0.021112268269437698,0.029038328042858275,0.0094884278886900979
F03,diagnostic_simulation,1.5,1929,0.011620827071662756,0.022092308283534777,0.028501045167138923,0.010471481211872021
F03,diagnostic_simulation,1.5,1930,0.011617816104831194,0.021278639888706978,0.028075989273260184,0.0096608237838757844
F03,diagnostic_simulation,1.5,1931,0.011614807477220067,0.021283525419560131,0.028108982925684561,0.0096687179423400639
F03,diagnostic_simulation,1.5,1932,0.011611801185802005,0.021152944522158858,0.028441289637376372,0.0095411433363568523
F03,diagnostic_simulation,1.5,1933,0.011608797227555246,0.021315394045601458,0.027427439443963038,0.009706596818046212
F03,diagnostic_simulation,1.5,1934,0.011605795599463373,0.02086295684255025,0.026895125567471315,0.0092571612430868769
F03,diagnostic_simulation,1.5,1935,0.011602796298515442,0.01982156650999773,0.027228014549463168,0.0082187702114822885
F03,diagnostic_simulation,1.5,1936,0.011599799321705956,0.019919641210108838,0.028097998714580824,0.0083198418884028822
F03,diagnostic_simulation,1.5,1937,0.011596804666034926,0.019868796765651967,0.027995189764456294,0.0082719920996170409
F03,diagnostic_simulation,1.5,1938,0.011593812328507654,0.020506829204553316,0.026956306908478698,0.0089130168760456624
F03,diagnostic_simulation,1.5,1939,0.011590822306134983,0.020442535693011278,0.027329559554458226,0.0088517133868762955
F03,diagnostic_simulation,1.5,1940,0.01158783459593302,0.020474320148806322,0.02748434581319608,0.0088864855528733022
F03,diagnostic_simulation,1.5,1941,0.011584849194923374,0.019408884601637949,0.027392591574348618,0.0078240354067145752
F03,diagnostic_simulation,1.5,1942,0.011581866100132902,0.020606106025318788,0.028091836883895396,0.0090242399251858861
F03,diagnostic_simulation,1.5,1943,0.011578885308593948,0.020808913109480749,0.028059928905725968,0.0092300278008868013
F03,diagnostic_simulation,1.5,1944,0.011575906817344042,0.020758070714834743,0.028328855014281819,0.0091821638974907017
F03,diagnostic_simulation,1.5,1945,0.011572930623426212,0.020765836917128813,0.027543865842062351,0.0091929062937026011
F03,diagnostic_simulation,1.5,1946,0.011569956723888712,0.02070730751197165,0.027532620690713782,0.0091373507880829381
F03,diagnostic_simulation,1.5,1947,0.011566985115785133,0.020923569449301876,0.027919597045052837,0.0093565843335167431
F03,diagnostic_simulation,1.5,1948,0.01156401579617429,0.020060838752325168,0.02797353390091523,0.0084968229561508783
F03,diagnostic_simulation,1.5,1949,0.011561048762120361,0.020217529160821694,0.027732202330854102,0.0086564803987013335
F03,diagnostic_simulation,1.5,1950,0.011558084010692776,0.020421301029232036,0.028698545673005362,0.00886321701853926
F03,diagnostic_simulation,1.5,1951,0.011555121538966208,0.019499948115437385,0.0282619329229035,0.0079448265764711767
F03,diagnostic_simulation,1.5,1952,0.011552161344020645,0.019814214118804574,0.028280568183509554,0.0082620527747839286
F03,diagnostic_simulation,1.5,1953,0.011549203422941164,0.019863292734952399,0.027708806344852215,0.0083140893120112348
F03,diagnostic_simulation,1.5,1954,0.01154624777281817,0.020137207425343015,0.02669596975917923,0.0085909596525248454
F03,diagnostic_simulation,1.5,1955,0.011543294390747276,0.020428419341324958,0.027351852590737205,0.008885124950577682
F03,diagnostic_simulation,1.5,1956,0.011540343273829266,0.020026865189785848,0.027856547750460366,0.0084865219159565818
F03,diagnostic_simulation,1.5,1957,0.01153739441917009,0.020795620073255,0.027237333451781091,0.0092582256540849096
F03,diagnostic_simulation,1.5,1958,0.011534447823880937,0.020317196159670391,0.026212661101627999,0.0087827483357894535
F03,diagnostic_simulation,1.5,1959,0.011531503485078105,0.021777773507312102,0.026391252918665044,0.010246270022233998
F03,diagnostic_simulation,1.5,1960,0.011528561399883052,0.021784583218030316,0.026895153422112929,0.010256021818147264
F03,diagnostic_simulation,1.5,1961,0.011525621565422372,0.020351060599654858,0.026557445575576988,0.0088254390342324858
F03,diagnostic_simulation,1.5,1962,0.011522683978827783,0.020376121330453297,0.026939162845247475,0.0088534373516255139
F03,diagnostic_simulation,1.5,1963,0.011519748637236142,0.020525134425649839,0.027119349602977356,0.0090053857884136966
F03,diagnostic_simulation,1.5,1964,0.01151681553778941,0.020580943961872548,0.026512799557107902,0.0090641284240831378
F03,diagnostic_simulation,1.5,1965,0.011513884677634612,0.021026869962602675,0.026689388409005737,0.0095129852849680629
F03,diagnostic_simulation,1.5,1966,0.011510956053923828,0.020998124361014382,0.026563238116136752,0.0094871683070905533
F03,diagnostic_simulation,1.5,1967,0.011508029663814307,0.021079880235378226,0.026122844495206778,0.0095718505715639193
F03,diagnostic_simulation,1.5,1968,0.011505105504468203,0.020761907324272799,0.025722667172659208,0.009256801819804596
F03,diagnostic_simulation,1.5,1969,0.011502183573052894,0.020882098587489191,0.025632819025121246,0.0093799150144362967
F03,diagnostic_simulation,1.5,1970,0.011499263866740661,0.020403652939955566,0.025818969825299094,0.008904389073214905
F03,diagnostic_simulation,1.5,1971,0.011496346382708807,0.020479642391793153,0.026051377587388024,0.0089832960090843461
F03,diagnostic_simulation,1.5,1972,0.011493431118139717,0.020152053257076089,0.025825701258055417,0.0086586221389363723
F03,diagnostic_simulation,1.5,1973,0.011490518070220761,0.020597030414611927,0.025973103248008726,0.0091065123443911655
F03,diagnostic_simulation,1.5,1974,0.011487607236144217,0.021289925817734558,0.025630520014807298,0.009802318581590341
F03,diagnostic_simulation,1.5,1975,0.011484698613107427,0.021302499529152207,0.025592423621962918,0.0098178009160447798
F03,diagnostic_simulation,1.5,1976,0.011481792198312711,0.020597267919190674,0.025445692863240468,0.0091154757208779628
F03,diagnostic_simulation,1.5,1977,0.011478887988967247,0.020556027474660503,0.025901494667118555,0.0090771394856932561
F03,diagnostic_simulation,1.5,1978,0.011475985982283204,0.020484998039713102,0.026232865498531852,0.0090090120574298979
F03,diagnostic_simulation,1.5,1979,0.01147308617547772,0.021470989564314955,0.027266281485580933,0.0099979033888372357
F03,diagnostic_simulation,1.5,1980,0.011470188565772831,0.02051494441967374,0.028054957675027605,0.0090447558539009099
F03,diagnostic_simulation,1.5,1981,0.011467293150395446,0.020511179529756347,0.027394697774371566,0.0090438863793609013
F03,diagnostic_simulation,1.5,1982,0.011464399926577384,0.020504531791729761,0.028101007971077833,0.0090401318651523767
F03,diagnostic_simulation,1.5,1983,0.011461508891555373,0.020040474936673831,0.028418401369140315,0.008578966045118458
F03,diagnostic_simulation,1.5,1984,0.011458620042571062,0.020030942496924966,0.028235539493650905,0.0085723224543539037
F03,diagnostic_simulation,1.5,1985,0.011455733376870794,0.019957026280082564,0.028550787931548759,0.0085012929032117698
F03,diagnostic_simulation,1.5,1986,0.011452848891705983,0.020603825367661189,0.028779544069888186,0.0091509764759552057
F03,diagnostic_simulation,1.5,1987,0.011449966584332748,0.020705766133527065,0.028898457656108711,0.0092557995491943171
F03,diagnostic_simulation,1.5,1988,0.01144708645201206,0.020453112747735973,0.028732397186977909,0.0090060262957239127
F03,diagnostic_simulation,1.5,1989,0.011444208492009736,0.020118775345467126,0.028169714322788635,0.0086745668534573897
F03,diagnostic_simulation,1.5,1990,0.011441332701596351,0.020221676391675696,0.027478824370652733,0.0087803436900793456
F03,diagnostic_simulation,1.5,1991,0.011438459078047384,0.020393768282510674,0.027201080091024694,0.0089553092044632899
F03,diagnostic_simulation,1.5,1992,0.011435587618643031,0.021634467542052341,0.027932771388079602,0.01019887992340931
F03,diagnostic_simulation,1.5,1993,0.0114327183206682,0.020760058581362359,0.027962805910482742,0.0093273402606941589
F03,diagnostic_simulation,1.5,1994,0.011429851181412681,0.020300788006919087,0.027616619144241048,0.0088709368255064057
F03,diagnostic_simulation,1.5,1995,0.011426986198171007,0.020446936178882096,0.026950288476385378,0.0090199499807110881
F03,diagnostic_simulation,1.5,1996,0.011424123368242332,0.020755493027046143,0.027154853525287452,0.0093313696588038109
F03,diagnostic_simulation,1.5,1997,0.011421262688930758,0.020329851968310223,0.027390326950365976,0.0089085892793794655
F03,diagnostic_simulation,1.5,1998,0.011418404157544875,0.019164238542972025,0.027853525413617703,0.0077458343854271503
F03,diagnostic_simulation,1.5,1999,0.011415547771398133,0.019583309308270389,0.027685054698005446,0.0081677615368722558
F03,diagnostic_simulation,1.5,2000,0.011412693527808675,0.019298926748262502,0.026892597752226712,0.0078862332204538265
F03,diagnostic_simulation,1.5,2001,0.011409841424099256,0.019116409051944505,0.02758677264120982,0.007706567627845249
F03,diagnostic_simulation,1.5,2002,0.011406991457597413,0.019389410398935963,0.027340045299508068,0.0079824189413385503
F03,diagnostic_simulation,1.5,2003,0.011404143625635287,0.019357771362453438,0.02725742438917849,0.0079536277368181512
F03,diagnostic_simulation,1.5,2004,0.011401297925549699,0.01941839009763973,0.028023692707924396,0.0080170921720900314
F03,diagnostic_simulation,1.5,2005,0.011398454354682112,0.020077727676357633,0.027387215829352413,0.0086792733216755208
F03,diagnostic_simulation,1.5,2006,0.011395612910378643,0.019659757513319852,0.027405721281739816,0.0082641446029412084
F03,diagnostic_simulation,1.5,2007,0.011392773589990024,0.019480120090567661,0.0267327460561258,0.0080873465005776371
F03,diagnostic_simulation,1.5,2008,0.011389936390871601,0.019761778454346953,0.02741553602117178,0.0083718420634753526
F03,diagnostic_simulation,1.5,2009,0.01138710131038336,0.020485517135333572,0.027494848419585077,0.0090984158249502126
F03,diagnostic_simulation,1.5,2010,0.011384268345889828,0.020804662212551988,0.027610669834876443,0.0094203938666621596
F03,diagnostic_simulation,1.5,2011,0.011381437494760196,0.020919106764616557,0.027820974878746831,0.0095376692698563616
F03,diagnostic_simulation,1.5,2012,0.011378608754368148,0.020191671920409635,0.029319694521426624,0.0088130631660414873
F03,diagnostic_simulation,1.5,2013,0.011375782122091961,0.020753966270840463,0.028634892200105243,0.0093781841487485026
F03,diagnostic_simulation,1.5,2014,0.011372957595314577,0.021350863030023447,0.029285653029979472,0.00997790543470887
F03,diagnostic_simulation,1.5,2015,0.01137013517142327,0.021026106278038966,0.02935662126404031,0.0096559711066156965
F03,diagnostic_simulation,1.5,2016,0.011367314847810089,0.021510564030015989,0.028845511331130724,0.0101432491822059
F03,diagnostic_simulation,1.5,2017,0.011364496621871363,0.020568799086600007,0.027644756117202223,0.0092043024647286437
F03,diagnostic_simulation,1.5,2018,0.011361680491008172,0.020985983715583988,0.027443167045105205,0.0096243032245758153
F03,diagnostic_simulation,1.5,2019,0.01135886645262596,0.020218164344065349,0.028580373720375422,0.0088592978914393897
F03,diagnostic_simulation,1.5,2020,0.011356054504134683,0.020716081561101631,0.028279897109215281,0.0093600270569669484
F03,diagnostic_simulation,1.5,2021,0.011353244642948826,0.020118367080188989,0.028774388205652292,0.0087651224372401627
F03,diagnostic_simulation,1.5,2022,0.011350436866487351,0.02059226055466281,0.0282671030783627,0.009241823688175459
F03,diagnostic_simulation,1.5,2023,0.011347631172173574,0.020644238642785473,0.028438634259518068,0.0092966074706118985
F03,diagnostic_simulation,1.5,2024,0.011344827557435452,0.019963862832538828,0.027222566388261041,0.0086190352751033764
F03,diagnostic_simulation,1.5,2025,0.011342026019705244,0.020898127395538195,0.027641808346255837,0.0095561013758329507
F03,diagnostic_simulation,1.5,2026,0.011339226556419696,0.020453217385955604,0.026932972335091589,0.0091139908295359076
F03,diagnostic_simulation,1.5,2027,0.011336429165019953,0.019785327371913408,0.027211261988191935,0.0084488982068934553
F03,diagnostic_simulation,1.5,2028,0.011333633842951656,0.020009341985883219,0.02771784784430734,0.0086757081429315631
F03,diagnostic_simulation,1.5,2029,0.011330840587664755,0.019525978893950753,0.027574823067605499,0.0081951383062859977
F03,diagnostic_simulation,1.5,2030,0.011328049396613648,0.019950867696471548,0.02629471447349099,0.0086228182998578998
F03,diagnostic_simulation,1.5,2031,0.011325260267257137,0.018965795634974029,0.025965450311609888,0.007640535367716892
F03,diagnostic_simulation,1.5,2032,0.011322473197058367,0.019827997170449651,0.025849862423472082,0.0085055239733912835
F03,diagnostic_simulation,1.5,2033,0.01131968818348481,0.019607975056802673,0.026146797230784408,0.0082882868733178631
F03,diagnostic_simulation,1.5,2034,0.011316905224008399,0.018683441620852712,0.026808697564083609,0.0073665363968443125
F03,diagnostic_simulation,1.5,2035,0.011314124316105361,0.018664290739651451,0.026447400133191436,0.0073501664235460906
F03,diagnostic_simulation,1.5,2036,0.01131134545725624,0.019565911083088562,0.025671537825273861,0.0082545656258323219
F03,diagnostic_simulation,1.5,2037,0.011308568644945964,0.020151322340421444,0.026606639578588557,0.0088427536954754794
F03,diagnostic_simulation,1.5,2038,0.011305793876663741,0.020422443157789519,0.026019536144870171,0.0091166492811257781
F03,diagnostic_simulation,1.5,2039,0.011303021149903085,0.019444070663770401,0.026012778435049254,0.0081410495138673159
F03,diagnostic_simulation,1.5,2040,0.011300250462161815,0.019589279672746287,0.026029989002664396,0.0082890292105844716
F03,diagnostic_simulation,1.5,2041,0.01129748181094207,0.020301572838452457,0.026103323336764319,0.0090040910275103869
F03,diagnostic_simulation,1.5,2042,0.011294715193750257,0.021018677288140809,0.025731112161051183,0.0097239620943905519
F03,diagnostic_simulation,1.5,2043,0.011291950608097085,0.020532408564365383,0.025743798659776218,0.0092404579562682977
F03,diagnostic_simulation,1.5,2044,0.011289188051497407,0.020269127258746633,0.026722358518538148,0.0089799392072492257
F03,diagnostic_simulation,1.5,2045,0.011286427521470469,0.020706538664124047,0.026669449043977354,0.0094201111426535783
F03,diagnostic_simulation,1.5,2046,0.011283669015539699,0.020735453559812066,0.026543437962946975,0.0094517845442723663
F03,diagnostic_simulation,1.5,2047,0.011280912531232774,0.021049839098490175,0.026299215390601115,0.0097689265672574015
F03,diagnostic_simulation,1.5,2048,0.01127815806608155,0.020328071173720475,0.026755827064926178,0.0090499131076389253
